fecha_id,fecha,anio,mes,mes_nombre,anio_mes,orden_mes_temporada,dia_semana,num_dia_semana,es_fin_de_semana,semana_iso,temporada
20250701,2025-07-01,2025,7,julio,2025-07,1,martes,2,0,27,2025-26
20250702,2025-07-02,2025,7,julio,2025-07,1,miércoles,3,0,27,2025-26
20250703,2025-07-03,2025,7,julio,2025-07,1,jueves,4,0,27,2025-26
20250704,2025-07-04,2025,7,julio,2025-07,1,viernes,5,0,27,2025-26
20250705,2025-07-05,2025,7,julio,2025-07,1,sábado,6,1,27,2025-26
20250706,2025-07-06,2025,7,julio,2025-07,1,domingo,7,1,27,2025-26
20250707,2025-07-07,2025,7,julio,2025-07,1,lunes,1,0,28,2025-26
20250708,2025-07-08,2025,7,julio,2025-07,1,martes,2,0,28,2025-26
20250709,2025-07-09,2025,7,julio,2025-07,1,miércoles,3,0,28,2025-26
20250710,2025-07-10,2025,7,julio,2025-07,1,jueves,4,0,28,2025-26
20250711,2025-07-11,2025,7,julio,2025-07,1,viernes,5,0,28,2025-26
20250712,2025-07-12,2025,7,julio,2025-07,1,sábado,6,1,28,2025-26
20250713,2025-07-13,2025,7,julio,2025-07,1,domingo,7,1,28,2025-26
20250714,2025-07-14,2025,7,julio,2025-07,1,lunes,1,0,29,2025-26
20250715,2025-07-15,2025,7,julio,2025-07,1,martes,2,0,29,2025-26
20250716,2025-07-16,2025,7,julio,2025-07,1,miércoles,3,0,29,2025-26
20250717,2025-07-17,2025,7,julio,2025-07,1,jueves,4,0,29,2025-26
20250718,2025-07-18,2025,7,julio,2025-07,1,viernes,5,0,29,2025-26
20250719,2025-07-19,2025,7,julio,2025-07,1,sábado,6,1,29,2025-26
20250720,2025-07-20,2025,7,julio,2025-07,1,domingo,7,1,29,2025-26
20250721,2025-07-21,2025,7,julio,2025-07,1,lunes,1,0,30,2025-26
20250722,2025-07-22,2025,7,julio,2025-07,1,martes,2,0,30,2025-26
20250723,2025-07-23,2025,7,julio,2025-07,1,miércoles,3,0,30,2025-26
20250724,2025-07-24,2025,7,julio,2025-07,1,jueves,4,0,30,2025-26
20250725,2025-07-25,2025,7,julio,2025-07,1,viernes,5,0,30,2025-26
20250726,2025-07-26,2025,7,julio,2025-07,1,sábado,6,1,30,2025-26
20250727,2025-07-27,2025,7,julio,2025-07,1,domingo,7,1,30,2025-26
20250728,2025-07-28,2025,7,julio,2025-07,1,lunes,1,0,31,2025-26
20250729,2025-07-29,2025,7,julio,2025-07,1,martes,2,0,31,2025-26
20250730,2025-07-30,2025,7,julio,2025-07,1,miércoles,3,0,31,2025-26
20250731,2025-07-31,2025,7,julio,2025-07,1,jueves,4,0,31,2025-26
20250801,2025-08-01,2025,8,agosto,2025-08,2,viernes,5,0,31,2025-26
20250802,2025-08-02,2025,8,agosto,2025-08,2,sábado,6,1,31,2025-26
20250803,2025-08-03,2025,8,agosto,2025-08,2,domingo,7,1,31,2025-26
20250804,2025-08-04,2025,8,agosto,2025-08,2,lunes,1,0,32,2025-26
20250805,2025-08-05,2025,8,agosto,2025-08,2,martes,2,0,32,2025-26
20250806,2025-08-06,2025,8,agosto,2025-08,2,miércoles,3,0,32,2025-26
20250807,2025-08-07,2025,8,agosto,2025-08,2,jueves,4,0,32,2025-26
20250808,2025-08-08,2025,8,agosto,2025-08,2,viernes,5,0,32,2025-26
20250809,2025-08-09,2025,8,agosto,2025-08,2,sábado,6,1,32,2025-26
20250810,2025-08-10,2025,8,agosto,2025-08,2,domingo,7,1,32,2025-26
20250811,2025-08-11,2025,8,agosto,2025-08,2,lunes,1,0,33,2025-26
20250812,2025-08-12,2025,8,agosto,2025-08,2,martes,2,0,33,2025-26
20250813,2025-08-13,2025,8,agosto,2025-08,2,miércoles,3,0,33,2025-26
20250814,2025-08-14,2025,8,agosto,2025-08,2,jueves,4,0,33,2025-26
20250815,2025-08-15,2025,8,agosto,2025-08,2,viernes,5,0,33,2025-26
20250816,2025-08-16,2025,8,agosto,2025-08,2,sábado,6,1,33,2025-26
20250817,2025-08-17,2025,8,agosto,2025-08,2,domingo,7,1,33,2025-26
20250818,2025-08-18,2025,8,agosto,2025-08,2,lunes,1,0,34,2025-26
20250819,2025-08-19,2025,8,agosto,2025-08,2,martes,2,0,34,2025-26
20250820,2025-08-20,2025,8,agosto,2025-08,2,miércoles,3,0,34,2025-26
20250821,2025-08-21,2025,8,agosto,2025-08,2,jueves,4,0,34,2025-26
20250822,2025-08-22,2025,8,agosto,2025-08,2,viernes,5,0,34,2025-26
20250823,2025-08-23,2025,8,agosto,2025-08,2,sábado,6,1,34,2025-26
20250824,2025-08-24,2025,8,agosto,2025-08,2,domingo,7,1,34,2025-26
20250825,2025-08-25,2025,8,agosto,2025-08,2,lunes,1,0,35,2025-26
20250826,2025-08-26,2025,8,agosto,2025-08,2,martes,2,0,35,2025-26
20250827,2025-08-27,2025,8,agosto,2025-08,2,miércoles,3,0,35,2025-26
20250828,2025-08-28,2025,8,agosto,2025-08,2,jueves,4,0,35,2025-26
20250829,2025-08-29,2025,8,agosto,2025-08,2,viernes,5,0,35,2025-26
20250830,2025-08-30,2025,8,agosto,2025-08,2,sábado,6,1,35,2025-26
20250831,2025-08-31,2025,8,agosto,2025-08,2,domingo,7,1,35,2025-26
20250901,2025-09-01,2025,9,septiembre,2025-09,3,lunes,1,0,36,2025-26
20250902,2025-09-02,2025,9,septiembre,2025-09,3,martes,2,0,36,2025-26
20250903,2025-09-03,2025,9,septiembre,2025-09,3,miércoles,3,0,36,2025-26
20250904,2025-09-04,2025,9,septiembre,2025-09,3,jueves,4,0,36,2025-26
20250905,2025-09-05,2025,9,septiembre,2025-09,3,viernes,5,0,36,2025-26
20250906,2025-09-06,2025,9,septiembre,2025-09,3,sábado,6,1,36,2025-26
20250907,2025-09-07,2025,9,septiembre,2025-09,3,domingo,7,1,36,2025-26
20250908,2025-09-08,2025,9,septiembre,2025-09,3,lunes,1,0,37,2025-26
20250909,2025-09-09,2025,9,septiembre,2025-09,3,martes,2,0,37,2025-26
20250910,2025-09-10,2025,9,septiembre,2025-09,3,miércoles,3,0,37,2025-26
20250911,2025-09-11,2025,9,septiembre,2025-09,3,jueves,4,0,37,2025-26
20250912,2025-09-12,2025,9,septiembre,2025-09,3,viernes,5,0,37,2025-26
20250913,2025-09-13,2025,9,septiembre,2025-09,3,sábado,6,1,37,2025-26
20250914,2025-09-14,2025,9,septiembre,2025-09,3,domingo,7,1,37,2025-26
20250915,2025-09-15,2025,9,septiembre,2025-09,3,lunes,1,0,38,2025-26
20250916,2025-09-16,2025,9,septiembre,2025-09,3,martes,2,0,38,2025-26
20250917,2025-09-17,2025,9,septiembre,2025-09,3,miércoles,3,0,38,2025-26
20250918,2025-09-18,2025,9,septiembre,2025-09,3,jueves,4,0,38,2025-26
20250919,2025-09-19,2025,9,septiembre,2025-09,3,viernes,5,0,38,2025-26
20250920,2025-09-20,2025,9,septiembre,2025-09,3,sábado,6,1,38,2025-26
20250921,2025-09-21,2025,9,septiembre,2025-09,3,domingo,7,1,38,2025-26
20250922,2025-09-22,2025,9,septiembre,2025-09,3,lunes,1,0,39,2025-26
20250923,2025-09-23,2025,9,septiembre,2025-09,3,martes,2,0,39,2025-26
20250924,2025-09-24,2025,9,septiembre,2025-09,3,miércoles,3,0,39,2025-26
20250925,2025-09-25,2025,9,septiembre,2025-09,3,jueves,4,0,39,2025-26
20250926,2025-09-26,2025,9,septiembre,2025-09,3,viernes,5,0,39,2025-26
20250927,2025-09-27,2025,9,septiembre,2025-09,3,sábado,6,1,39,2025-26
20250928,2025-09-28,2025,9,septiembre,2025-09,3,domingo,7,1,39,2025-26
20250929,2025-09-29,2025,9,septiembre,2025-09,3,lunes,1,0,40,2025-26
20250930,2025-09-30,2025,9,septiembre,2025-09,3,martes,2,0,40,2025-26
20251001,2025-10-01,2025,10,octubre,2025-10,4,miércoles,3,0,40,2025-26
20251002,2025-10-02,2025,10,octubre,2025-10,4,jueves,4,0,40,2025-26
20251003,2025-10-03,2025,10,octubre,2025-10,4,viernes,5,0,40,2025-26
20251004,2025-10-04,2025,10,octubre,2025-10,4,sábado,6,1,40,2025-26
20251005,2025-10-05,2025,10,octubre,2025-10,4,domingo,7,1,40,2025-26
20251006,2025-10-06,2025,10,octubre,2025-10,4,lunes,1,0,41,2025-26
20251007,2025-10-07,2025,10,octubre,2025-10,4,martes,2,0,41,2025-26
20251008,2025-10-08,2025,10,octubre,2025-10,4,miércoles,3,0,41,2025-26
20251009,2025-10-09,2025,10,octubre,2025-10,4,jueves,4,0,41,2025-26
20251010,2025-10-10,2025,10,octubre,2025-10,4,viernes,5,0,41,2025-26
20251011,2025-10-11,2025,10,octubre,2025-10,4,sábado,6,1,41,2025-26
20251012,2025-10-12,2025,10,octubre,2025-10,4,domingo,7,1,41,2025-26
20251013,2025-10-13,2025,10,octubre,2025-10,4,lunes,1,0,42,2025-26
20251014,2025-10-14,2025,10,octubre,2025-10,4,martes,2,0,42,2025-26
20251015,2025-10-15,2025,10,octubre,2025-10,4,miércoles,3,0,42,2025-26
20251016,2025-10-16,2025,10,octubre,2025-10,4,jueves,4,0,42,2025-26
20251017,2025-10-17,2025,10,octubre,2025-10,4,viernes,5,0,42,2025-26
20251018,2025-10-18,2025,10,octubre,2025-10,4,sábado,6,1,42,2025-26
20251019,2025-10-19,2025,10,octubre,2025-10,4,domingo,7,1,42,2025-26
20251020,2025-10-20,2025,10,octubre,2025-10,4,lunes,1,0,43,2025-26
20251021,2025-10-21,2025,10,octubre,2025-10,4,martes,2,0,43,2025-26
20251022,2025-10-22,2025,10,octubre,2025-10,4,miércoles,3,0,43,2025-26
20251023,2025-10-23,2025,10,octubre,2025-10,4,jueves,4,0,43,2025-26
20251024,2025-10-24,2025,10,octubre,2025-10,4,viernes,5,0,43,2025-26
20251025,2025-10-25,2025,10,octubre,2025-10,4,sábado,6,1,43,2025-26
20251026,2025-10-26,2025,10,octubre,2025-10,4,domingo,7,1,43,2025-26
20251027,2025-10-27,2025,10,octubre,2025-10,4,lunes,1,0,44,2025-26
20251028,2025-10-28,2025,10,octubre,2025-10,4,martes,2,0,44,2025-26
20251029,2025-10-29,2025,10,octubre,2025-10,4,miércoles,3,0,44,2025-26
20251030,2025-10-30,2025,10,octubre,2025-10,4,jueves,4,0,44,2025-26
20251031,2025-10-31,2025,10,octubre,2025-10,4,viernes,5,0,44,2025-26
20251101,2025-11-01,2025,11,noviembre,2025-11,5,sábado,6,1,44,2025-26
20251102,2025-11-02,2025,11,noviembre,2025-11,5,domingo,7,1,44,2025-26
20251103,2025-11-03,2025,11,noviembre,2025-11,5,lunes,1,0,45,2025-26
20251104,2025-11-04,2025,11,noviembre,2025-11,5,martes,2,0,45,2025-26
20251105,2025-11-05,2025,11,noviembre,2025-11,5,miércoles,3,0,45,2025-26
20251106,2025-11-06,2025,11,noviembre,2025-11,5,jueves,4,0,45,2025-26
20251107,2025-11-07,2025,11,noviembre,2025-11,5,viernes,5,0,45,2025-26
20251108,2025-11-08,2025,11,noviembre,2025-11,5,sábado,6,1,45,2025-26
20251109,2025-11-09,2025,11,noviembre,2025-11,5,domingo,7,1,45,2025-26
20251110,2025-11-10,2025,11,noviembre,2025-11,5,lunes,1,0,46,2025-26
20251111,2025-11-11,2025,11,noviembre,2025-11,5,martes,2,0,46,2025-26
20251112,2025-11-12,2025,11,noviembre,2025-11,5,miércoles,3,0,46,2025-26
20251113,2025-11-13,2025,11,noviembre,2025-11,5,jueves,4,0,46,2025-26
20251114,2025-11-14,2025,11,noviembre,2025-11,5,viernes,5,0,46,2025-26
20251115,2025-11-15,2025,11,noviembre,2025-11,5,sábado,6,1,46,2025-26
20251116,2025-11-16,2025,11,noviembre,2025-11,5,domingo,7,1,46,2025-26
20251117,2025-11-17,2025,11,noviembre,2025-11,5,lunes,1,0,47,2025-26
20251118,2025-11-18,2025,11,noviembre,2025-11,5,martes,2,0,47,2025-26
20251119,2025-11-19,2025,11,noviembre,2025-11,5,miércoles,3,0,47,2025-26
20251120,2025-11-20,2025,11,noviembre,2025-11,5,jueves,4,0,47,2025-26
20251121,2025-11-21,2025,11,noviembre,2025-11,5,viernes,5,0,47,2025-26
20251122,2025-11-22,2025,11,noviembre,2025-11,5,sábado,6,1,47,2025-26
20251123,2025-11-23,2025,11,noviembre,2025-11,5,domingo,7,1,47,2025-26
20251124,2025-11-24,2025,11,noviembre,2025-11,5,lunes,1,0,48,2025-26
20251125,2025-11-25,2025,11,noviembre,2025-11,5,martes,2,0,48,2025-26
20251126,2025-11-26,2025,11,noviembre,2025-11,5,miércoles,3,0,48,2025-26
20251127,2025-11-27,2025,11,noviembre,2025-11,5,jueves,4,0,48,2025-26
20251128,2025-11-28,2025,11,noviembre,2025-11,5,viernes,5,0,48,2025-26
20251129,2025-11-29,2025,11,noviembre,2025-11,5,sábado,6,1,48,2025-26
20251130,2025-11-30,2025,11,noviembre,2025-11,5,domingo,7,1,48,2025-26
20251201,2025-12-01,2025,12,diciembre,2025-12,6,lunes,1,0,49,2025-26
20251202,2025-12-02,2025,12,diciembre,2025-12,6,martes,2,0,49,2025-26
20251203,2025-12-03,2025,12,diciembre,2025-12,6,miércoles,3,0,49,2025-26
20251204,2025-12-04,2025,12,diciembre,2025-12,6,jueves,4,0,49,2025-26
20251205,2025-12-05,2025,12,diciembre,2025-12,6,viernes,5,0,49,2025-26
20251206,2025-12-06,2025,12,diciembre,2025-12,6,sábado,6,1,49,2025-26
20251207,2025-12-07,2025,12,diciembre,2025-12,6,domingo,7,1,49,2025-26
20251208,2025-12-08,2025,12,diciembre,2025-12,6,lunes,1,0,50,2025-26
20251209,2025-12-09,2025,12,diciembre,2025-12,6,martes,2,0,50,2025-26
20251210,2025-12-10,2025,12,diciembre,2025-12,6,miércoles,3,0,50,2025-26
20251211,2025-12-11,2025,12,diciembre,2025-12,6,jueves,4,0,50,2025-26
20251212,2025-12-12,2025,12,diciembre,2025-12,6,viernes,5,0,50,2025-26
20251213,2025-12-13,2025,12,diciembre,2025-12,6,sábado,6,1,50,2025-26
20251214,2025-12-14,2025,12,diciembre,2025-12,6,domingo,7,1,50,2025-26
20251215,2025-12-15,2025,12,diciembre,2025-12,6,lunes,1,0,51,2025-26
20251216,2025-12-16,2025,12,diciembre,2025-12,6,martes,2,0,51,2025-26
20251217,2025-12-17,2025,12,diciembre,2025-12,6,miércoles,3,0,51,2025-26
20251218,2025-12-18,2025,12,diciembre,2025-12,6,jueves,4,0,51,2025-26
20251219,2025-12-19,2025,12,diciembre,2025-12,6,viernes,5,0,51,2025-26
20251220,2025-12-20,2025,12,diciembre,2025-12,6,sábado,6,1,51,2025-26
20251221,2025-12-21,2025,12,diciembre,2025-12,6,domingo,7,1,51,2025-26
20251222,2025-12-22,2025,12,diciembre,2025-12,6,lunes,1,0,52,2025-26
20251223,2025-12-23,2025,12,diciembre,2025-12,6,martes,2,0,52,2025-26
20251224,2025-12-24,2025,12,diciembre,2025-12,6,miércoles,3,0,52,2025-26
20251225,2025-12-25,2025,12,diciembre,2025-12,6,jueves,4,0,52,2025-26
20251226,2025-12-26,2025,12,diciembre,2025-12,6,viernes,5,0,52,2025-26
20251227,2025-12-27,2025,12,diciembre,2025-12,6,sábado,6,1,52,2025-26
20251228,2025-12-28,2025,12,diciembre,2025-12,6,domingo,7,1,52,2025-26
20251229,2025-12-29,2025,12,diciembre,2025-12,6,lunes,1,0,1,2025-26
20251230,2025-12-30,2025,12,diciembre,2025-12,6,martes,2,0,1,2025-26
20251231,2025-12-31,2025,12,diciembre,2025-12,6,miércoles,3,0,1,2025-26
20260101,2026-01-01,2026,1,enero,2026-01,7,jueves,4,0,1,2025-26
20260102,2026-01-02,2026,1,enero,2026-01,7,viernes,5,0,1,2025-26
20260103,2026-01-03,2026,1,enero,2026-01,7,sábado,6,1,1,2025-26
20260104,2026-01-04,2026,1,enero,2026-01,7,domingo,7,1,1,2025-26
20260105,2026-01-05,2026,1,enero,2026-01,7,lunes,1,0,2,2025-26
20260106,2026-01-06,2026,1,enero,2026-01,7,martes,2,0,2,2025-26
20260107,2026-01-07,2026,1,enero,2026-01,7,miércoles,3,0,2,2025-26
20260108,2026-01-08,2026,1,enero,2026-01,7,jueves,4,0,2,2025-26
20260109,2026-01-09,2026,1,enero,2026-01,7,viernes,5,0,2,2025-26
20260110,2026-01-10,2026,1,enero,2026-01,7,sábado,6,1,2,2025-26
20260111,2026-01-11,2026,1,enero,2026-01,7,domingo,7,1,2,2025-26
20260112,2026-01-12,2026,1,enero,2026-01,7,lunes,1,0,3,2025-26
20260113,2026-01-13,2026,1,enero,2026-01,7,martes,2,0,3,2025-26
20260114,2026-01-14,2026,1,enero,2026-01,7,miércoles,3,0,3,2025-26
20260115,2026-01-15,2026,1,enero,2026-01,7,jueves,4,0,3,2025-26
20260116,2026-01-16,2026,1,enero,2026-01,7,viernes,5,0,3,2025-26
20260117,2026-01-17,2026,1,enero,2026-01,7,sábado,6,1,3,2025-26
20260118,2026-01-18,2026,1,enero,2026-01,7,domingo,7,1,3,2025-26
20260119,2026-01-19,2026,1,enero,2026-01,7,lunes,1,0,4,2025-26
20260120,2026-01-20,2026,1,enero,2026-01,7,martes,2,0,4,2025-26
20260121,2026-01-21,2026,1,enero,2026-01,7,miércoles,3,0,4,2025-26
20260122,2026-01-22,2026,1,enero,2026-01,7,jueves,4,0,4,2025-26
20260123,2026-01-23,2026,1,enero,2026-01,7,viernes,5,0,4,2025-26
20260124,2026-01-24,2026,1,enero,2026-01,7,sábado,6,1,4,2025-26
20260125,2026-01-25,2026,1,enero,2026-01,7,domingo,7,1,4,2025-26
20260126,2026-01-26,2026,1,enero,2026-01,7,lunes,1,0,5,2025-26
20260127,2026-01-27,2026,1,enero,2026-01,7,martes,2,0,5,2025-26
20260128,2026-01-28,2026,1,enero,2026-01,7,miércoles,3,0,5,2025-26
20260129,2026-01-29,2026,1,enero,2026-01,7,jueves,4,0,5,2025-26
20260130,2026-01-30,2026,1,enero,2026-01,7,viernes,5,0,5,2025-26
20260131,2026-01-31,2026,1,enero,2026-01,7,sábado,6,1,5,2025-26
20260201,2026-02-01,2026,2,febrero,2026-02,8,domingo,7,1,5,2025-26
20260202,2026-02-02,2026,2,febrero,2026-02,8,lunes,1,0,6,2025-26
20260203,2026-02-03,2026,2,febrero,2026-02,8,martes,2,0,6,2025-26
20260204,2026-02-04,2026,2,febrero,2026-02,8,miércoles,3,0,6,2025-26
20260205,2026-02-05,2026,2,febrero,2026-02,8,jueves,4,0,6,2025-26
20260206,2026-02-06,2026,2,febrero,2026-02,8,viernes,5,0,6,2025-26
20260207,2026-02-07,2026,2,febrero,2026-02,8,sábado,6,1,6,2025-26
20260208,2026-02-08,2026,2,febrero,2026-02,8,domingo,7,1,6,2025-26
20260209,2026-02-09,2026,2,febrero,2026-02,8,lunes,1,0,7,2025-26
20260210,2026-02-10,2026,2,febrero,2026-02,8,martes,2,0,7,2025-26
20260211,2026-02-11,2026,2,febrero,2026-02,8,miércoles,3,0,7,2025-26
20260212,2026-02-12,2026,2,febrero,2026-02,8,jueves,4,0,7,2025-26
20260213,2026-02-13,2026,2,febrero,2026-02,8,viernes,5,0,7,2025-26
20260214,2026-02-14,2026,2,febrero,2026-02,8,sábado,6,1,7,2025-26
20260215,2026-02-15,2026,2,febrero,2026-02,8,domingo,7,1,7,2025-26
20260216,2026-02-16,2026,2,febrero,2026-02,8,lunes,1,0,8,2025-26
20260217,2026-02-17,2026,2,febrero,2026-02,8,martes,2,0,8,2025-26
20260218,2026-02-18,2026,2,febrero,2026-02,8,miércoles,3,0,8,2025-26
20260219,2026-02-19,2026,2,febrero,2026-02,8,jueves,4,0,8,2025-26
20260220,2026-02-20,2026,2,febrero,2026-02,8,viernes,5,0,8,2025-26
20260221,2026-02-21,2026,2,febrero,2026-02,8,sábado,6,1,8,2025-26
20260222,2026-02-22,2026,2,febrero,2026-02,8,domingo,7,1,8,2025-26
20260223,2026-02-23,2026,2,febrero,2026-02,8,lunes,1,0,9,2025-26
20260224,2026-02-24,2026,2,febrero,2026-02,8,martes,2,0,9,2025-26
20260225,2026-02-25,2026,2,febrero,2026-02,8,miércoles,3,0,9,2025-26
20260226,2026-02-26,2026,2,febrero,2026-02,8,jueves,4,0,9,2025-26
20260227,2026-02-27,2026,2,febrero,2026-02,8,viernes,5,0,9,2025-26
20260228,2026-02-28,2026,2,febrero,2026-02,8,sábado,6,1,9,2025-26
20260301,2026-03-01,2026,3,marzo,2026-03,9,domingo,7,1,9,2025-26
20260302,2026-03-02,2026,3,marzo,2026-03,9,lunes,1,0,10,2025-26
20260303,2026-03-03,2026,3,marzo,2026-03,9,martes,2,0,10,2025-26
20260304,2026-03-04,2026,3,marzo,2026-03,9,miércoles,3,0,10,2025-26
20260305,2026-03-05,2026,3,marzo,2026-03,9,jueves,4,0,10,2025-26
20260306,2026-03-06,2026,3,marzo,2026-03,9,viernes,5,0,10,2025-26
20260307,2026-03-07,2026,3,marzo,2026-03,9,sábado,6,1,10,2025-26
20260308,2026-03-08,2026,3,marzo,2026-03,9,domingo,7,1,10,2025-26
20260309,2026-03-09,2026,3,marzo,2026-03,9,lunes,1,0,11,2025-26
20260310,2026-03-10,2026,3,marzo,2026-03,9,martes,2,0,11,2025-26
20260311,2026-03-11,2026,3,marzo,2026-03,9,miércoles,3,0,11,2025-26
20260312,2026-03-12,2026,3,marzo,2026-03,9,jueves,4,0,11,2025-26
20260313,2026-03-13,2026,3,marzo,2026-03,9,viernes,5,0,11,2025-26
20260314,2026-03-14,2026,3,marzo,2026-03,9,sábado,6,1,11,2025-26
20260315,2026-03-15,2026,3,marzo,2026-03,9,domingo,7,1,11,2025-26
20260316,2026-03-16,2026,3,marzo,2026-03,9,lunes,1,0,12,2025-26
20260317,2026-03-17,2026,3,marzo,2026-03,9,martes,2,0,12,2025-26
20260318,2026-03-18,2026,3,marzo,2026-03,9,miércoles,3,0,12,2025-26
20260319,2026-03-19,2026,3,marzo,2026-03,9,jueves,4,0,12,2025-26
20260320,2026-03-20,2026,3,marzo,2026-03,9,viernes,5,0,12,2025-26
20260321,2026-03-21,2026,3,marzo,2026-03,9,sábado,6,1,12,2025-26
20260322,2026-03-22,2026,3,marzo,2026-03,9,domingo,7,1,12,2025-26
20260323,2026-03-23,2026,3,marzo,2026-03,9,lunes,1,0,13,2025-26
20260324,2026-03-24,2026,3,marzo,2026-03,9,martes,2,0,13,2025-26
20260325,2026-03-25,2026,3,marzo,2026-03,9,miércoles,3,0,13,2025-26
20260326,2026-03-26,2026,3,marzo,2026-03,9,jueves,4,0,13,2025-26
20260327,2026-03-27,2026,3,marzo,2026-03,9,viernes,5,0,13,2025-26
20260328,2026-03-28,2026,3,marzo,2026-03,9,sábado,6,1,13,2025-26
20260329,2026-03-29,2026,3,marzo,2026-03,9,domingo,7,1,13,2025-26
20260330,2026-03-30,2026,3,marzo,2026-03,9,lunes,1,0,14,2025-26
20260331,2026-03-31,2026,3,marzo,2026-03,9,martes,2,0,14,2025-26
20260401,2026-04-01,2026,4,abril,2026-04,10,miércoles,3,0,14,2025-26
20260402,2026-04-02,2026,4,abril,2026-04,10,jueves,4,0,14,2025-26
20260403,2026-04-03,2026,4,abril,2026-04,10,viernes,5,0,14,2025-26
20260404,2026-04-04,2026,4,abril,2026-04,10,sábado,6,1,14,2025-26
20260405,2026-04-05,2026,4,abril,2026-04,10,domingo,7,1,14,2025-26
20260406,2026-04-06,2026,4,abril,2026-04,10,lunes,1,0,15,2025-26
20260407,2026-04-07,2026,4,abril,2026-04,10,martes,2,0,15,2025-26
20260408,2026-04-08,2026,4,abril,2026-04,10,miércoles,3,0,15,2025-26
20260409,2026-04-09,2026,4,abril,2026-04,10,jueves,4,0,15,2025-26
20260410,2026-04-10,2026,4,abril,2026-04,10,viernes,5,0,15,2025-26
20260411,2026-04-11,2026,4,abril,2026-04,10,sábado,6,1,15,2025-26
20260412,2026-04-12,2026,4,abril,2026-04,10,domingo,7,1,15,2025-26
20260413,2026-04-13,2026,4,abril,2026-04,10,lunes,1,0,16,2025-26
20260414,2026-04-14,2026,4,abril,2026-04,10,martes,2,0,16,2025-26
20260415,2026-04-15,2026,4,abril,2026-04,10,miércoles,3,0,16,2025-26
20260416,2026-04-16,2026,4,abril,2026-04,10,jueves,4,0,16,2025-26
20260417,2026-04-17,2026,4,abril,2026-04,10,viernes,5,0,16,2025-26
20260418,2026-04-18,2026,4,abril,2026-04,10,sábado,6,1,16,2025-26
20260419,2026-04-19,2026,4,abril,2026-04,10,domingo,7,1,16,2025-26
20260420,2026-04-20,2026,4,abril,2026-04,10,lunes,1,0,17,2025-26
20260421,2026-04-21,2026,4,abril,2026-04,10,martes,2,0,17,2025-26
20260422,2026-04-22,2026,4,abril,2026-04,10,miércoles,3,0,17,2025-26
20260423,2026-04-23,2026,4,abril,2026-04,10,jueves,4,0,17,2025-26
20260424,2026-04-24,2026,4,abril,2026-04,10,viernes,5,0,17,2025-26
20260425,2026-04-25,2026,4,abril,2026-04,10,sábado,6,1,17,2025-26
20260426,2026-04-26,2026,4,abril,2026-04,10,domingo,7,1,17,2025-26
20260427,2026-04-27,2026,4,abril,2026-04,10,lunes,1,0,18,2025-26
20260428,2026-04-28,2026,4,abril,2026-04,10,martes,2,0,18,2025-26
20260429,2026-04-29,2026,4,abril,2026-04,10,miércoles,3,0,18,2025-26
20260430,2026-04-30,2026,4,abril,2026-04,10,jueves,4,0,18,2025-26
20260501,2026-05-01,2026,5,mayo,2026-05,11,viernes,5,0,18,2025-26
20260502,2026-05-02,2026,5,mayo,2026-05,11,sábado,6,1,18,2025-26
20260503,2026-05-03,2026,5,mayo,2026-05,11,domingo,7,1,18,2025-26
20260504,2026-05-04,2026,5,mayo,2026-05,11,lunes,1,0,19,2025-26
20260505,2026-05-05,2026,5,mayo,2026-05,11,martes,2,0,19,2025-26
20260506,2026-05-06,2026,5,mayo,2026-05,11,miércoles,3,0,19,2025-26
20260507,2026-05-07,2026,5,mayo,2026-05,11,jueves,4,0,19,2025-26
20260508,2026-05-08,2026,5,mayo,2026-05,11,viernes,5,0,19,2025-26
20260509,2026-05-09,2026,5,mayo,2026-05,11,sábado,6,1,19,2025-26
20260510,2026-05-10,2026,5,mayo,2026-05,11,domingo,7,1,19,2025-26
20260511,2026-05-11,2026,5,mayo,2026-05,11,lunes,1,0,20,2025-26
20260512,2026-05-12,2026,5,mayo,2026-05,11,martes,2,0,20,2025-26
20260513,2026-05-13,2026,5,mayo,2026-05,11,miércoles,3,0,20,2025-26
20260514,2026-05-14,2026,5,mayo,2026-05,11,jueves,4,0,20,2025-26
20260515,2026-05-15,2026,5,mayo,2026-05,11,viernes,5,0,20,2025-26
20260516,2026-05-16,2026,5,mayo,2026-05,11,sábado,6,1,20,2025-26
20260517,2026-05-17,2026,5,mayo,2026-05,11,domingo,7,1,20,2025-26
20260518,2026-05-18,2026,5,mayo,2026-05,11,lunes,1,0,21,2025-26
20260519,2026-05-19,2026,5,mayo,2026-05,11,martes,2,0,21,2025-26
20260520,2026-05-20,2026,5,mayo,2026-05,11,miércoles,3,0,21,2025-26
20260521,2026-05-21,2026,5,mayo,2026-05,11,jueves,4,0,21,2025-26
20260522,2026-05-22,2026,5,mayo,2026-05,11,viernes,5,0,21,2025-26
20260523,2026-05-23,2026,5,mayo,2026-05,11,sábado,6,1,21,2025-26
20260524,2026-05-24,2026,5,mayo,2026-05,11,domingo,7,1,21,2025-26
20260525,2026-05-25,2026,5,mayo,2026-05,11,lunes,1,0,22,2025-26
20260526,2026-05-26,2026,5,mayo,2026-05,11,martes,2,0,22,2025-26
20260527,2026-05-27,2026,5,mayo,2026-05,11,miércoles,3,0,22,2025-26
20260528,2026-05-28,2026,5,mayo,2026-05,11,jueves,4,0,22,2025-26
20260529,2026-05-29,2026,5,mayo,2026-05,11,viernes,5,0,22,2025-26
20260530,2026-05-30,2026,5,mayo,2026-05,11,sábado,6,1,22,2025-26
20260531,2026-05-31,2026,5,mayo,2026-05,11,domingo,7,1,22,2025-26
20260601,2026-06-01,2026,6,junio,2026-06,12,lunes,1,0,23,2025-26
20260602,2026-06-02,2026,6,junio,2026-06,12,martes,2,0,23,2025-26
20260603,2026-06-03,2026,6,junio,2026-06,12,miércoles,3,0,23,2025-26
20260604,2026-06-04,2026,6,junio,2026-06,12,jueves,4,0,23,2025-26
20260605,2026-06-05,2026,6,junio,2026-06,12,viernes,5,0,23,2025-26
20260606,2026-06-06,2026,6,junio,2026-06,12,sábado,6,1,23,2025-26
20260607,2026-06-07,2026,6,junio,2026-06,12,domingo,7,1,23,2025-26
20260608,2026-06-08,2026,6,junio,2026-06,12,lunes,1,0,24,2025-26
20260609,2026-06-09,2026,6,junio,2026-06,12,martes,2,0,24,2025-26
20260610,2026-06-10,2026,6,junio,2026-06,12,miércoles,3,0,24,2025-26
20260611,2026-06-11,2026,6,junio,2026-06,12,jueves,4,0,24,2025-26
20260612,2026-06-12,2026,6,junio,2026-06,12,viernes,5,0,24,2025-26
20260613,2026-06-13,2026,6,junio,2026-06,12,sábado,6,1,24,2025-26
20260614,2026-06-14,2026,6,junio,2026-06,12,domingo,7,1,24,2025-26
20260615,2026-06-15,2026,6,junio,2026-06,12,lunes,1,0,25,2025-26
20260616,2026-06-16,2026,6,junio,2026-06,12,martes,2,0,25,2025-26
20260617,2026-06-17,2026,6,junio,2026-06,12,miércoles,3,0,25,2025-26
20260618,2026-06-18,2026,6,junio,2026-06,12,jueves,4,0,25,2025-26
20260619,2026-06-19,2026,6,junio,2026-06,12,viernes,5,0,25,2025-26
20260620,2026-06-20,2026,6,junio,2026-06,12,sábado,6,1,25,2025-26
20260621,2026-06-21,2026,6,junio,2026-06,12,domingo,7,1,25,2025-26
20260622,2026-06-22,2026,6,junio,2026-06,12,lunes,1,0,26,2025-26
20260623,2026-06-23,2026,6,junio,2026-06,12,martes,2,0,26,2025-26
20260624,2026-06-24,2026,6,junio,2026-06,12,miércoles,3,0,26,2025-26
20260625,2026-06-25,2026,6,junio,2026-06,12,jueves,4,0,26,2025-26
20260626,2026-06-26,2026,6,junio,2026-06,12,viernes,5,0,26,2025-26
20260627,2026-06-27,2026,6,junio,2026-06,12,sábado,6,1,26,2025-26
20260628,2026-06-28,2026,6,junio,2026-06,12,domingo,7,1,26,2025-26
20260629,2026-06-29,2026,6,junio,2026-06,12,lunes,1,0,27,2025-26
20260630,2026-06-30,2026,6,junio,2026-06,12,martes,2,0,27,2025-26
20260701,2026-07-01,2026,7,julio,2026-07,1,miércoles,3,0,27,2026-27
20260702,2026-07-02,2026,7,julio,2026-07,1,jueves,4,0,27,2026-27
20260703,2026-07-03,2026,7,julio,2026-07,1,viernes,5,0,27,2026-27
20260704,2026-07-04,2026,7,julio,2026-07,1,sábado,6,1,27,2026-27
20260705,2026-07-05,2026,7,julio,2026-07,1,domingo,7,1,27,2026-27
20260706,2026-07-06,2026,7,julio,2026-07,1,lunes,1,0,28,2026-27
20260707,2026-07-07,2026,7,julio,2026-07,1,martes,2,0,28,2026-27
20260708,2026-07-08,2026,7,julio,2026-07,1,miércoles,3,0,28,2026-27
20260709,2026-07-09,2026,7,julio,2026-07,1,jueves,4,0,28,2026-27
20260710,2026-07-10,2026,7,julio,2026-07,1,viernes,5,0,28,2026-27
20260711,2026-07-11,2026,7,julio,2026-07,1,sábado,6,1,28,2026-27
20260712,2026-07-12,2026,7,julio,2026-07,1,domingo,7,1,28,2026-27
20260713,2026-07-13,2026,7,julio,2026-07,1,lunes,1,0,29,2026-27
20260714,2026-07-14,2026,7,julio,2026-07,1,martes,2,0,29,2026-27
20260715,2026-07-15,2026,7,julio,2026-07,1,miércoles,3,0,29,2026-27
20260716,2026-07-16,2026,7,julio,2026-07,1,jueves,4,0,29,2026-27
20260717,2026-07-17,2026,7,julio,2026-07,1,viernes,5,0,29,2026-27
20260718,2026-07-18,2026,7,julio,2026-07,1,sábado,6,1,29,2026-27
20260719,2026-07-19,2026,7,julio,2026-07,1,domingo,7,1,29,2026-27
20260720,2026-07-20,2026,7,julio,2026-07,1,lunes,1,0,30,2026-27
20260721,2026-07-21,2026,7,julio,2026-07,1,martes,2,0,30,2026-27
20260722,2026-07-22,2026,7,julio,2026-07,1,miércoles,3,0,30,2026-27
20260723,2026-07-23,2026,7,julio,2026-07,1,jueves,4,0,30,2026-27
20260724,2026-07-24,2026,7,julio,2026-07,1,viernes,5,0,30,2026-27
20260725,2026-07-25,2026,7,julio,2026-07,1,sábado,6,1,30,2026-27
20260726,2026-07-26,2026,7,julio,2026-07,1,domingo,7,1,30,2026-27
20260727,2026-07-27,2026,7,julio,2026-07,1,lunes,1,0,31,2026-27
20260728,2026-07-28,2026,7,julio,2026-07,1,martes,2,0,31,2026-27
20260729,2026-07-29,2026,7,julio,2026-07,1,miércoles,3,0,31,2026-27
20260730,2026-07-30,2026,7,julio,2026-07,1,jueves,4,0,31,2026-27
20260731,2026-07-31,2026,7,julio,2026-07,1,viernes,5,0,31,2026-27
20260801,2026-08-01,2026,8,agosto,2026-08,2,sábado,6,1,31,2026-27
20260802,2026-08-02,2026,8,agosto,2026-08,2,domingo,7,1,31,2026-27
20260803,2026-08-03,2026,8,agosto,2026-08,2,lunes,1,0,32,2026-27
20260804,2026-08-04,2026,8,agosto,2026-08,2,martes,2,0,32,2026-27
20260805,2026-08-05,2026,8,agosto,2026-08,2,miércoles,3,0,32,2026-27
20260806,2026-08-06,2026,8,agosto,2026-08,2,jueves,4,0,32,2026-27
20260807,2026-08-07,2026,8,agosto,2026-08,2,viernes,5,0,32,2026-27
20260808,2026-08-08,2026,8,agosto,2026-08,2,sábado,6,1,32,2026-27
20260809,2026-08-09,2026,8,agosto,2026-08,2,domingo,7,1,32,2026-27
20260810,2026-08-10,2026,8,agosto,2026-08,2,lunes,1,0,33,2026-27
20260811,2026-08-11,2026,8,agosto,2026-08,2,martes,2,0,33,2026-27
20260812,2026-08-12,2026,8,agosto,2026-08,2,miércoles,3,0,33,2026-27
20260813,2026-08-13,2026,8,agosto,2026-08,2,jueves,4,0,33,2026-27
20260814,2026-08-14,2026,8,agosto,2026-08,2,viernes,5,0,33,2026-27
20260815,2026-08-15,2026,8,agosto,2026-08,2,sábado,6,1,33,2026-27
20260816,2026-08-16,2026,8,agosto,2026-08,2,domingo,7,1,33,2026-27
20260817,2026-08-17,2026,8,agosto,2026-08,2,lunes,1,0,34,2026-27
20260818,2026-08-18,2026,8,agosto,2026-08,2,martes,2,0,34,2026-27
20260819,2026-08-19,2026,8,agosto,2026-08,2,miércoles,3,0,34,2026-27
20260820,2026-08-20,2026,8,agosto,2026-08,2,jueves,4,0,34,2026-27
20260821,2026-08-21,2026,8,agosto,2026-08,2,viernes,5,0,34,2026-27
20260822,2026-08-22,2026,8,agosto,2026-08,2,sábado,6,1,34,2026-27
20260823,2026-08-23,2026,8,agosto,2026-08,2,domingo,7,1,34,2026-27
20260824,2026-08-24,2026,8,agosto,2026-08,2,lunes,1,0,35,2026-27
20260825,2026-08-25,2026,8,agosto,2026-08,2,martes,2,0,35,2026-27
20260826,2026-08-26,2026,8,agosto,2026-08,2,miércoles,3,0,35,2026-27
20260827,2026-08-27,2026,8,agosto,2026-08,2,jueves,4,0,35,2026-27
20260828,2026-08-28,2026,8,agosto,2026-08,2,viernes,5,0,35,2026-27
20260829,2026-08-29,2026,8,agosto,2026-08,2,sábado,6,1,35,2026-27
20260830,2026-08-30,2026,8,agosto,2026-08,2,domingo,7,1,35,2026-27
20260831,2026-08-31,2026,8,agosto,2026-08,2,lunes,1,0,36,2026-27
20260901,2026-09-01,2026,9,septiembre,2026-09,3,martes,2,0,36,2026-27
20260902,2026-09-02,2026,9,septiembre,2026-09,3,miércoles,3,0,36,2026-27
20260903,2026-09-03,2026,9,septiembre,2026-09,3,jueves,4,0,36,2026-27
20260904,2026-09-04,2026,9,septiembre,2026-09,3,viernes,5,0,36,2026-27
20260905,2026-09-05,2026,9,septiembre,2026-09,3,sábado,6,1,36,2026-27
20260906,2026-09-06,2026,9,septiembre,2026-09,3,domingo,7,1,36,2026-27
20260907,2026-09-07,2026,9,septiembre,2026-09,3,lunes,1,0,37,2026-27
20260908,2026-09-08,2026,9,septiembre,2026-09,3,martes,2,0,37,2026-27
20260909,2026-09-09,2026,9,septiembre,2026-09,3,miércoles,3,0,37,2026-27
20260910,2026-09-10,2026,9,septiembre,2026-09,3,jueves,4,0,37,2026-27
20260911,2026-09-11,2026,9,septiembre,2026-09,3,viernes,5,0,37,2026-27
20260912,2026-09-12,2026,9,septiembre,2026-09,3,sábado,6,1,37,2026-27
20260913,2026-09-13,2026,9,septiembre,2026-09,3,domingo,7,1,37,2026-27
20260914,2026-09-14,2026,9,septiembre,2026-09,3,lunes,1,0,38,2026-27
20260915,2026-09-15,2026,9,septiembre,2026-09,3,martes,2,0,38,2026-27
20260916,2026-09-16,2026,9,septiembre,2026-09,3,miércoles,3,0,38,2026-27
20260917,2026-09-17,2026,9,septiembre,2026-09,3,jueves,4,0,38,2026-27
20260918,2026-09-18,2026,9,septiembre,2026-09,3,viernes,5,0,38,2026-27
20260919,2026-09-19,2026,9,septiembre,2026-09,3,sábado,6,1,38,2026-27
20260920,2026-09-20,2026,9,septiembre,2026-09,3,domingo,7,1,38,2026-27
20260921,2026-09-21,2026,9,septiembre,2026-09,3,lunes,1,0,39,2026-27
20260922,2026-09-22,2026,9,septiembre,2026-09,3,martes,2,0,39,2026-27
20260923,2026-09-23,2026,9,septiembre,2026-09,3,miércoles,3,0,39,2026-27
20260924,2026-09-24,2026,9,septiembre,2026-09,3,jueves,4,0,39,2026-27
20260925,2026-09-25,2026,9,septiembre,2026-09,3,viernes,5,0,39,2026-27
20260926,2026-09-26,2026,9,septiembre,2026-09,3,sábado,6,1,39,2026-27
20260927,2026-09-27,2026,9,septiembre,2026-09,3,domingo,7,1,39,2026-27
20260928,2026-09-28,2026,9,septiembre,2026-09,3,lunes,1,0,40,2026-27
20260929,2026-09-29,2026,9,septiembre,2026-09,3,martes,2,0,40,2026-27
20260930,2026-09-30,2026,9,septiembre,2026-09,3,miércoles,3,0,40,2026-27
20261001,2026-10-01,2026,10,octubre,2026-10,4,jueves,4,0,40,2026-27
20261002,2026-10-02,2026,10,octubre,2026-10,4,viernes,5,0,40,2026-27
20261003,2026-10-03,2026,10,octubre,2026-10,4,sábado,6,1,40,2026-27
20261004,2026-10-04,2026,10,octubre,2026-10,4,domingo,7,1,40,2026-27
20261005,2026-10-05,2026,10,octubre,2026-10,4,lunes,1,0,41,2026-27
20261006,2026-10-06,2026,10,octubre,2026-10,4,martes,2,0,41,2026-27
20261007,2026-10-07,2026,10,octubre,2026-10,4,miércoles,3,0,41,2026-27
20261008,2026-10-08,2026,10,octubre,2026-10,4,jueves,4,0,41,2026-27
20261009,2026-10-09,2026,10,octubre,2026-10,4,viernes,5,0,41,2026-27
20261010,2026-10-10,2026,10,octubre,2026-10,4,sábado,6,1,41,2026-27
20261011,2026-10-11,2026,10,octubre,2026-10,4,domingo,7,1,41,2026-27
20261012,2026-10-12,2026,10,octubre,2026-10,4,lunes,1,0,42,2026-27
20261013,2026-10-13,2026,10,octubre,2026-10,4,martes,2,0,42,2026-27
20261014,2026-10-14,2026,10,octubre,2026-10,4,miércoles,3,0,42,2026-27
20261015,2026-10-15,2026,10,octubre,2026-10,4,jueves,4,0,42,2026-27
20261016,2026-10-16,2026,10,octubre,2026-10,4,viernes,5,0,42,2026-27
20261017,2026-10-17,2026,10,octubre,2026-10,4,sábado,6,1,42,2026-27
20261018,2026-10-18,2026,10,octubre,2026-10,4,domingo,7,1,42,2026-27
20261019,2026-10-19,2026,10,octubre,2026-10,4,lunes,1,0,43,2026-27
20261020,2026-10-20,2026,10,octubre,2026-10,4,martes,2,0,43,2026-27
20261021,2026-10-21,2026,10,octubre,2026-10,4,miércoles,3,0,43,2026-27
20261022,2026-10-22,2026,10,octubre,2026-10,4,jueves,4,0,43,2026-27
20261023,2026-10-23,2026,10,octubre,2026-10,4,viernes,5,0,43,2026-27
20261024,2026-10-24,2026,10,octubre,2026-10,4,sábado,6,1,43,2026-27
20261025,2026-10-25,2026,10,octubre,2026-10,4,domingo,7,1,43,2026-27
20261026,2026-10-26,2026,10,octubre,2026-10,4,lunes,1,0,44,2026-27
20261027,2026-10-27,2026,10,octubre,2026-10,4,martes,2,0,44,2026-27
20261028,2026-10-28,2026,10,octubre,2026-10,4,miércoles,3,0,44,2026-27
20261029,2026-10-29,2026,10,octubre,2026-10,4,jueves,4,0,44,2026-27
20261030,2026-10-30,2026,10,octubre,2026-10,4,viernes,5,0,44,2026-27
20261031,2026-10-31,2026,10,octubre,2026-10,4,sábado,6,1,44,2026-27
20261101,2026-11-01,2026,11,noviembre,2026-11,5,domingo,7,1,44,2026-27
20261102,2026-11-02,2026,11,noviembre,2026-11,5,lunes,1,0,45,2026-27
20261103,2026-11-03,2026,11,noviembre,2026-11,5,martes,2,0,45,2026-27
20261104,2026-11-04,2026,11,noviembre,2026-11,5,miércoles,3,0,45,2026-27
20261105,2026-11-05,2026,11,noviembre,2026-11,5,jueves,4,0,45,2026-27
20261106,2026-11-06,2026,11,noviembre,2026-11,5,viernes,5,0,45,2026-27
20261107,2026-11-07,2026,11,noviembre,2026-11,5,sábado,6,1,45,2026-27
20261108,2026-11-08,2026,11,noviembre,2026-11,5,domingo,7,1,45,2026-27
20261109,2026-11-09,2026,11,noviembre,2026-11,5,lunes,1,0,46,2026-27
20261110,2026-11-10,2026,11,noviembre,2026-11,5,martes,2,0,46,2026-27
20261111,2026-11-11,2026,11,noviembre,2026-11,5,miércoles,3,0,46,2026-27
20261112,2026-11-12,2026,11,noviembre,2026-11,5,jueves,4,0,46,2026-27
20261113,2026-11-13,2026,11,noviembre,2026-11,5,viernes,5,0,46,2026-27
20261114,2026-11-14,2026,11,noviembre,2026-11,5,sábado,6,1,46,2026-27
20261115,2026-11-15,2026,11,noviembre,2026-11,5,domingo,7,1,46,2026-27
20261116,2026-11-16,2026,11,noviembre,2026-11,5,lunes,1,0,47,2026-27
20261117,2026-11-17,2026,11,noviembre,2026-11,5,martes,2,0,47,2026-27
20261118,2026-11-18,2026,11,noviembre,2026-11,5,miércoles,3,0,47,2026-27
20261119,2026-11-19,2026,11,noviembre,2026-11,5,jueves,4,0,47,2026-27
20261120,2026-11-20,2026,11,noviembre,2026-11,5,viernes,5,0,47,2026-27
20261121,2026-11-21,2026,11,noviembre,2026-11,5,sábado,6,1,47,2026-27
20261122,2026-11-22,2026,11,noviembre,2026-11,5,domingo,7,1,47,2026-27
20261123,2026-11-23,2026,11,noviembre,2026-11,5,lunes,1,0,48,2026-27
20261124,2026-11-24,2026,11,noviembre,2026-11,5,martes,2,0,48,2026-27
20261125,2026-11-25,2026,11,noviembre,2026-11,5,miércoles,3,0,48,2026-27
20261126,2026-11-26,2026,11,noviembre,2026-11,5,jueves,4,0,48,2026-27
20261127,2026-11-27,2026,11,noviembre,2026-11,5,viernes,5,0,48,2026-27
20261128,2026-11-28,2026,11,noviembre,2026-11,5,sábado,6,1,48,2026-27
20261129,2026-11-29,2026,11,noviembre,2026-11,5,domingo,7,1,48,2026-27
20261130,2026-11-30,2026,11,noviembre,2026-11,5,lunes,1,0,49,2026-27
20261201,2026-12-01,2026,12,diciembre,2026-12,6,martes,2,0,49,2026-27
20261202,2026-12-02,2026,12,diciembre,2026-12,6,miércoles,3,0,49,2026-27
20261203,2026-12-03,2026,12,diciembre,2026-12,6,jueves,4,0,49,2026-27
20261204,2026-12-04,2026,12,diciembre,2026-12,6,viernes,5,0,49,2026-27
20261205,2026-12-05,2026,12,diciembre,2026-12,6,sábado,6,1,49,2026-27
20261206,2026-12-06,2026,12,diciembre,2026-12,6,domingo,7,1,49,2026-27
20261207,2026-12-07,2026,12,diciembre,2026-12,6,lunes,1,0,50,2026-27
20261208,2026-12-08,2026,12,diciembre,2026-12,6,martes,2,0,50,2026-27
20261209,2026-12-09,2026,12,diciembre,2026-12,6,miércoles,3,0,50,2026-27
20261210,2026-12-10,2026,12,diciembre,2026-12,6,jueves,4,0,50,2026-27
20261211,2026-12-11,2026,12,diciembre,2026-12,6,viernes,5,0,50,2026-27
20261212,2026-12-12,2026,12,diciembre,2026-12,6,sábado,6,1,50,2026-27
20261213,2026-12-13,2026,12,diciembre,2026-12,6,domingo,7,1,50,2026-27
20261214,2026-12-14,2026,12,diciembre,2026-12,6,lunes,1,0,51,2026-27
20261215,2026-12-15,2026,12,diciembre,2026-12,6,martes,2,0,51,2026-27
20261216,2026-12-16,2026,12,diciembre,2026-12,6,miércoles,3,0,51,2026-27
20261217,2026-12-17,2026,12,diciembre,2026-12,6,jueves,4,0,51,2026-27
20261218,2026-12-18,2026,12,diciembre,2026-12,6,viernes,5,0,51,2026-27
20261219,2026-12-19,2026,12,diciembre,2026-12,6,sábado,6,1,51,2026-27
20261220,2026-12-20,2026,12,diciembre,2026-12,6,domingo,7,1,51,2026-27
20261221,2026-12-21,2026,12,diciembre,2026-12,6,lunes,1,0,52,2026-27
20261222,2026-12-22,2026,12,diciembre,2026-12,6,martes,2,0,52,2026-27
20261223,2026-12-23,2026,12,diciembre,2026-12,6,miércoles,3,0,52,2026-27
20261224,2026-12-24,2026,12,diciembre,2026-12,6,jueves,4,0,52,2026-27
20261225,2026-12-25,2026,12,diciembre,2026-12,6,viernes,5,0,52,2026-27
20261226,2026-12-26,2026,12,diciembre,2026-12,6,sábado,6,1,52,2026-27
20261227,2026-12-27,2026,12,diciembre,2026-12,6,domingo,7,1,52,2026-27
20261228,2026-12-28,2026,12,diciembre,2026-12,6,lunes,1,0,53,2026-27
20261229,2026-12-29,2026,12,diciembre,2026-12,6,martes,2,0,53,2026-27
20261230,2026-12-30,2026,12,diciembre,2026-12,6,miércoles,3,0,53,2026-27
20261231,2026-12-31,2026,12,diciembre,2026-12,6,jueves,4,0,53,2026-27
20270101,2027-01-01,2027,1,enero,2027-01,7,viernes,5,0,53,2026-27
20270102,2027-01-02,2027,1,enero,2027-01,7,sábado,6,1,53,2026-27
20270103,2027-01-03,2027,1,enero,2027-01,7,domingo,7,1,53,2026-27
20270104,2027-01-04,2027,1,enero,2027-01,7,lunes,1,0,1,2026-27
20270105,2027-01-05,2027,1,enero,2027-01,7,martes,2,0,1,2026-27
20270106,2027-01-06,2027,1,enero,2027-01,7,miércoles,3,0,1,2026-27
20270107,2027-01-07,2027,1,enero,2027-01,7,jueves,4,0,1,2026-27
20270108,2027-01-08,2027,1,enero,2027-01,7,viernes,5,0,1,2026-27
20270109,2027-01-09,2027,1,enero,2027-01,7,sábado,6,1,1,2026-27
20270110,2027-01-10,2027,1,enero,2027-01,7,domingo,7,1,1,2026-27
20270111,2027-01-11,2027,1,enero,2027-01,7,lunes,1,0,2,2026-27
20270112,2027-01-12,2027,1,enero,2027-01,7,martes,2,0,2,2026-27
20270113,2027-01-13,2027,1,enero,2027-01,7,miércoles,3,0,2,2026-27
20270114,2027-01-14,2027,1,enero,2027-01,7,jueves,4,0,2,2026-27
20270115,2027-01-15,2027,1,enero,2027-01,7,viernes,5,0,2,2026-27
20270116,2027-01-16,2027,1,enero,2027-01,7,sábado,6,1,2,2026-27
20270117,2027-01-17,2027,1,enero,2027-01,7,domingo,7,1,2,2026-27
20270118,2027-01-18,2027,1,enero,2027-01,7,lunes,1,0,3,2026-27
20270119,2027-01-19,2027,1,enero,2027-01,7,martes,2,0,3,2026-27
20270120,2027-01-20,2027,1,enero,2027-01,7,miércoles,3,0,3,2026-27
20270121,2027-01-21,2027,1,enero,2027-01,7,jueves,4,0,3,2026-27
20270122,2027-01-22,2027,1,enero,2027-01,7,viernes,5,0,3,2026-27
20270123,2027-01-23,2027,1,enero,2027-01,7,sábado,6,1,3,2026-27
20270124,2027-01-24,2027,1,enero,2027-01,7,domingo,7,1,3,2026-27
20270125,2027-01-25,2027,1,enero,2027-01,7,lunes,1,0,4,2026-27
20270126,2027-01-26,2027,1,enero,2027-01,7,martes,2,0,4,2026-27
20270127,2027-01-27,2027,1,enero,2027-01,7,miércoles,3,0,4,2026-27
20270128,2027-01-28,2027,1,enero,2027-01,7,jueves,4,0,4,2026-27
20270129,2027-01-29,2027,1,enero,2027-01,7,viernes,5,0,4,2026-27
20270130,2027-01-30,2027,1,enero,2027-01,7,sábado,6,1,4,2026-27
20270131,2027-01-31,2027,1,enero,2027-01,7,domingo,7,1,4,2026-27
20270201,2027-02-01,2027,2,febrero,2027-02,8,lunes,1,0,5,2026-27
20270202,2027-02-02,2027,2,febrero,2027-02,8,martes,2,0,5,2026-27
20270203,2027-02-03,2027,2,febrero,2027-02,8,miércoles,3,0,5,2026-27
20270204,2027-02-04,2027,2,febrero,2027-02,8,jueves,4,0,5,2026-27
20270205,2027-02-05,2027,2,febrero,2027-02,8,viernes,5,0,5,2026-27
20270206,2027-02-06,2027,2,febrero,2027-02,8,sábado,6,1,5,2026-27
20270207,2027-02-07,2027,2,febrero,2027-02,8,domingo,7,1,5,2026-27
20270208,2027-02-08,2027,2,febrero,2027-02,8,lunes,1,0,6,2026-27
20270209,2027-02-09,2027,2,febrero,2027-02,8,martes,2,0,6,2026-27
20270210,2027-02-10,2027,2,febrero,2027-02,8,miércoles,3,0,6,2026-27
20270211,2027-02-11,2027,2,febrero,2027-02,8,jueves,4,0,6,2026-27
20270212,2027-02-12,2027,2,febrero,2027-02,8,viernes,5,0,6,2026-27
20270213,2027-02-13,2027,2,febrero,2027-02,8,sábado,6,1,6,2026-27
20270214,2027-02-14,2027,2,febrero,2027-02,8,domingo,7,1,6,2026-27
20270215,2027-02-15,2027,2,febrero,2027-02,8,lunes,1,0,7,2026-27
20270216,2027-02-16,2027,2,febrero,2027-02,8,martes,2,0,7,2026-27
20270217,2027-02-17,2027,2,febrero,2027-02,8,miércoles,3,0,7,2026-27
20270218,2027-02-18,2027,2,febrero,2027-02,8,jueves,4,0,7,2026-27
20270219,2027-02-19,2027,2,febrero,2027-02,8,viernes,5,0,7,2026-27
20270220,2027-02-20,2027,2,febrero,2027-02,8,sábado,6,1,7,2026-27
20270221,2027-02-21,2027,2,febrero,2027-02,8,domingo,7,1,7,2026-27
20270222,2027-02-22,2027,2,febrero,2027-02,8,lunes,1,0,8,2026-27
20270223,2027-02-23,2027,2,febrero,2027-02,8,martes,2,0,8,2026-27
20270224,2027-02-24,2027,2,febrero,2027-02,8,miércoles,3,0,8,2026-27
20270225,2027-02-25,2027,2,febrero,2027-02,8,jueves,4,0,8,2026-27
20270226,2027-02-26,2027,2,febrero,2027-02,8,viernes,5,0,8,2026-27
20270227,2027-02-27,2027,2,febrero,2027-02,8,sábado,6,1,8,2026-27
20270228,2027-02-28,2027,2,febrero,2027-02,8,domingo,7,1,8,2026-27
20270301,2027-03-01,2027,3,marzo,2027-03,9,lunes,1,0,9,2026-27
20270302,2027-03-02,2027,3,marzo,2027-03,9,martes,2,0,9,2026-27
20270303,2027-03-03,2027,3,marzo,2027-03,9,miércoles,3,0,9,2026-27
20270304,2027-03-04,2027,3,marzo,2027-03,9,jueves,4,0,9,2026-27
20270305,2027-03-05,2027,3,marzo,2027-03,9,viernes,5,0,9,2026-27
20270306,2027-03-06,2027,3,marzo,2027-03,9,sábado,6,1,9,2026-27
20270307,2027-03-07,2027,3,marzo,2027-03,9,domingo,7,1,9,2026-27
20270308,2027-03-08,2027,3,marzo,2027-03,9,lunes,1,0,10,2026-27
20270309,2027-03-09,2027,3,marzo,2027-03,9,martes,2,0,10,2026-27
20270310,2027-03-10,2027,3,marzo,2027-03,9,miércoles,3,0,10,2026-27
20270311,2027-03-11,2027,3,marzo,2027-03,9,jueves,4,0,10,2026-27
20270312,2027-03-12,2027,3,marzo,2027-03,9,viernes,5,0,10,2026-27
20270313,2027-03-13,2027,3,marzo,2027-03,9,sábado,6,1,10,2026-27
20270314,2027-03-14,2027,3,marzo,2027-03,9,domingo,7,1,10,2026-27
20270315,2027-03-15,2027,3,marzo,2027-03,9,lunes,1,0,11,2026-27
20270316,2027-03-16,2027,3,marzo,2027-03,9,martes,2,0,11,2026-27
20270317,2027-03-17,2027,3,marzo,2027-03,9,miércoles,3,0,11,2026-27
20270318,2027-03-18,2027,3,marzo,2027-03,9,jueves,4,0,11,2026-27
20270319,2027-03-19,2027,3,marzo,2027-03,9,viernes,5,0,11,2026-27
20270320,2027-03-20,2027,3,marzo,2027-03,9,sábado,6,1,11,2026-27
20270321,2027-03-21,2027,3,marzo,2027-03,9,domingo,7,1,11,2026-27
20270322,2027-03-22,2027,3,marzo,2027-03,9,lunes,1,0,12,2026-27
20270323,2027-03-23,2027,3,marzo,2027-03,9,martes,2,0,12,2026-27
20270324,2027-03-24,2027,3,marzo,2027-03,9,miércoles,3,0,12,2026-27
20270325,2027-03-25,2027,3,marzo,2027-03,9,jueves,4,0,12,2026-27
20270326,2027-03-26,2027,3,marzo,2027-03,9,viernes,5,0,12,2026-27
20270327,2027-03-27,2027,3,marzo,2027-03,9,sábado,6,1,12,2026-27
20270328,2027-03-28,2027,3,marzo,2027-03,9,domingo,7,1,12,2026-27
20270329,2027-03-29,2027,3,marzo,2027-03,9,lunes,1,0,13,2026-27
20270330,2027-03-30,2027,3,marzo,2027-03,9,martes,2,0,13,2026-27
20270331,2027-03-31,2027,3,marzo,2027-03,9,miércoles,3,0,13,2026-27
20270401,2027-04-01,2027,4,abril,2027-04,10,jueves,4,0,13,2026-27
20270402,2027-04-02,2027,4,abril,2027-04,10,viernes,5,0,13,2026-27
20270403,2027-04-03,2027,4,abril,2027-04,10,sábado,6,1,13,2026-27
20270404,2027-04-04,2027,4,abril,2027-04,10,domingo,7,1,13,2026-27
20270405,2027-04-05,2027,4,abril,2027-04,10,lunes,1,0,14,2026-27
20270406,2027-04-06,2027,4,abril,2027-04,10,martes,2,0,14,2026-27
20270407,2027-04-07,2027,4,abril,2027-04,10,miércoles,3,0,14,2026-27
20270408,2027-04-08,2027,4,abril,2027-04,10,jueves,4,0,14,2026-27
20270409,2027-04-09,2027,4,abril,2027-04,10,viernes,5,0,14,2026-27
20270410,2027-04-10,2027,4,abril,2027-04,10,sábado,6,1,14,2026-27
20270411,2027-04-11,2027,4,abril,2027-04,10,domingo,7,1,14,2026-27
20270412,2027-04-12,2027,4,abril,2027-04,10,lunes,1,0,15,2026-27
20270413,2027-04-13,2027,4,abril,2027-04,10,martes,2,0,15,2026-27
20270414,2027-04-14,2027,4,abril,2027-04,10,miércoles,3,0,15,2026-27
20270415,2027-04-15,2027,4,abril,2027-04,10,jueves,4,0,15,2026-27
20270416,2027-04-16,2027,4,abril,2027-04,10,viernes,5,0,15,2026-27
20270417,2027-04-17,2027,4,abril,2027-04,10,sábado,6,1,15,2026-27
20270418,2027-04-18,2027,4,abril,2027-04,10,domingo,7,1,15,2026-27
20270419,2027-04-19,2027,4,abril,2027-04,10,lunes,1,0,16,2026-27
20270420,2027-04-20,2027,4,abril,2027-04,10,martes,2,0,16,2026-27
20270421,2027-04-21,2027,4,abril,2027-04,10,miércoles,3,0,16,2026-27
20270422,2027-04-22,2027,4,abril,2027-04,10,jueves,4,0,16,2026-27
20270423,2027-04-23,2027,4,abril,2027-04,10,viernes,5,0,16,2026-27
20270424,2027-04-24,2027,4,abril,2027-04,10,sábado,6,1,16,2026-27
20270425,2027-04-25,2027,4,abril,2027-04,10,domingo,7,1,16,2026-27
20270426,2027-04-26,2027,4,abril,2027-04,10,lunes,1,0,17,2026-27
20270427,2027-04-27,2027,4,abril,2027-04,10,martes,2,0,17,2026-27
20270428,2027-04-28,2027,4,abril,2027-04,10,miércoles,3,0,17,2026-27
20270429,2027-04-29,2027,4,abril,2027-04,10,jueves,4,0,17,2026-27
20270430,2027-04-30,2027,4,abril,2027-04,10,viernes,5,0,17,2026-27
20270501,2027-05-01,2027,5,mayo,2027-05,11,sábado,6,1,17,2026-27
20270502,2027-05-02,2027,5,mayo,2027-05,11,domingo,7,1,17,2026-27
20270503,2027-05-03,2027,5,mayo,2027-05,11,lunes,1,0,18,2026-27
20270504,2027-05-04,2027,5,mayo,2027-05,11,martes,2,0,18,2026-27
20270505,2027-05-05,2027,5,mayo,2027-05,11,miércoles,3,0,18,2026-27
20270506,2027-05-06,2027,5,mayo,2027-05,11,jueves,4,0,18,2026-27
20270507,2027-05-07,2027,5,mayo,2027-05,11,viernes,5,0,18,2026-27
20270508,2027-05-08,2027,5,mayo,2027-05,11,sábado,6,1,18,2026-27
20270509,2027-05-09,2027,5,mayo,2027-05,11,domingo,7,1,18,2026-27
20270510,2027-05-10,2027,5,mayo,2027-05,11,lunes,1,0,19,2026-27
20270511,2027-05-11,2027,5,mayo,2027-05,11,martes,2,0,19,2026-27
20270512,2027-05-12,2027,5,mayo,2027-05,11,miércoles,3,0,19,2026-27
20270513,2027-05-13,2027,5,mayo,2027-05,11,jueves,4,0,19,2026-27
20270514,2027-05-14,2027,5,mayo,2027-05,11,viernes,5,0,19,2026-27
20270515,2027-05-15,2027,5,mayo,2027-05,11,sábado,6,1,19,2026-27
20270516,2027-05-16,2027,5,mayo,2027-05,11,domingo,7,1,19,2026-27
20270517,2027-05-17,2027,5,mayo,2027-05,11,lunes,1,0,20,2026-27
20270518,2027-05-18,2027,5,mayo,2027-05,11,martes,2,0,20,2026-27
20270519,2027-05-19,2027,5,mayo,2027-05,11,miércoles,3,0,20,2026-27
20270520,2027-05-20,2027,5,mayo,2027-05,11,jueves,4,0,20,2026-27
20270521,2027-05-21,2027,5,mayo,2027-05,11,viernes,5,0,20,2026-27
20270522,2027-05-22,2027,5,mayo,2027-05,11,sábado,6,1,20,2026-27
20270523,2027-05-23,2027,5,mayo,2027-05,11,domingo,7,1,20,2026-27
20270524,2027-05-24,2027,5,mayo,2027-05,11,lunes,1,0,21,2026-27
20270525,2027-05-25,2027,5,mayo,2027-05,11,martes,2,0,21,2026-27
20270526,2027-05-26,2027,5,mayo,2027-05,11,miércoles,3,0,21,2026-27
20270527,2027-05-27,2027,5,mayo,2027-05,11,jueves,4,0,21,2026-27
20270528,2027-05-28,2027,5,mayo,2027-05,11,viernes,5,0,21,2026-27
20270529,2027-05-29,2027,5,mayo,2027-05,11,sábado,6,1,21,2026-27
20270530,2027-05-30,2027,5,mayo,2027-05,11,domingo,7,1,21,2026-27
20270531,2027-05-31,2027,5,mayo,2027-05,11,lunes,1,0,22,2026-27
20270601,2027-06-01,2027,6,junio,2027-06,12,martes,2,0,22,2026-27
20270602,2027-06-02,2027,6,junio,2027-06,12,miércoles,3,0,22,2026-27
20270603,2027-06-03,2027,6,junio,2027-06,12,jueves,4,0,22,2026-27
20270604,2027-06-04,2027,6,junio,2027-06,12,viernes,5,0,22,2026-27
20270605,2027-06-05,2027,6,junio,2027-06,12,sábado,6,1,22,2026-27
20270606,2027-06-06,2027,6,junio,2027-06,12,domingo,7,1,22,2026-27
20270607,2027-06-07,2027,6,junio,2027-06,12,lunes,1,0,23,2026-27
20270608,2027-06-08,2027,6,junio,2027-06,12,martes,2,0,23,2026-27
20270609,2027-06-09,2027,6,junio,2027-06,12,miércoles,3,0,23,2026-27
20270610,2027-06-10,2027,6,junio,2027-06,12,jueves,4,0,23,2026-27
20270611,2027-06-11,2027,6,junio,2027-06,12,viernes,5,0,23,2026-27
20270612,2027-06-12,2027,6,junio,2027-06,12,sábado,6,1,23,2026-27
20270613,2027-06-13,2027,6,junio,2027-06,12,domingo,7,1,23,2026-27
20270614,2027-06-14,2027,6,junio,2027-06,12,lunes,1,0,24,2026-27
20270615,2027-06-15,2027,6,junio,2027-06,12,martes,2,0,24,2026-27
20270616,2027-06-16,2027,6,junio,2027-06,12,miércoles,3,0,24,2026-27
20270617,2027-06-17,2027,6,junio,2027-06,12,jueves,4,0,24,2026-27
20270618,2027-06-18,2027,6,junio,2027-06,12,viernes,5,0,24,2026-27
20270619,2027-06-19,2027,6,junio,2027-06,12,sábado,6,1,24,2026-27
20270620,2027-06-20,2027,6,junio,2027-06,12,domingo,7,1,24,2026-27
20270621,2027-06-21,2027,6,junio,2027-06,12,lunes,1,0,25,2026-27
20270622,2027-06-22,2027,6,junio,2027-06,12,martes,2,0,25,2026-27
20270623,2027-06-23,2027,6,junio,2027-06,12,miércoles,3,0,25,2026-27
20270624,2027-06-24,2027,6,junio,2027-06,12,jueves,4,0,25,2026-27
20270625,2027-06-25,2027,6,junio,2027-06,12,viernes,5,0,25,2026-27
20270626,2027-06-26,2027,6,junio,2027-06,12,sábado,6,1,25,2026-27
20270627,2027-06-27,2027,6,junio,2027-06,12,domingo,7,1,25,2026-27
20270628,2027-06-28,2027,6,junio,2027-06,12,lunes,1,0,26,2026-27
20270629,2027-06-29,2027,6,junio,2027-06,12,martes,2,0,26,2026-27
20270630,2027-06-30,2027,6,junio,2027-06,12,miércoles,3,0,26,2026-27
