temporada,jugador_id,equipo_id,posicion_grupo,partidos,minutos,goles,asistencias,xg,npxg,xag,tiros,pases_clave,amarillas,rojas,xg_chain,xg_buildup,goles_p90,asistencias_p90,xg_p90,npxg_p90,xag_p90,tiros_p90,pases_clave_p90,xg_chain_p90,xg_buildup_p90,elegible_percentil,goles_p90_pctl,asistencias_p90_pctl,xg_p90_pctl,npxg_p90_pctl,xag_p90_pctl,tiros_p90_pctl,pases_clave_p90_pctl,xg_chain_p90_pctl,xg_buildup_p90_pctl
2026-27,us-11825,alaves,DF,7,570,0,0,0.1598,0.1598,0.0000,5,0,3,0,1.2913,1.1315,0.0000,0.0000,0.0252,0.0252,0.0000,0.7895,0.0000,0.2039,0.1787,1,41.3000,42.3000,46.2000,46.2000,4.8000,75.0000,4.8000,42.3000,42.3000
2026-27,us-14222,alaves,FW,4,85,0,0,0.0000,0.0000,0.0788,0,1,0,0,0.1024,0.0237,0.0000,0.0000,0.0000,0.0000,0.0834,0.0000,1.0588,0.1084,0.0251,0,,,,,,,,,
2026-27,us-6126,alaves,MF,3,94,0,0,0.0000,0.0000,0.0153,0,1,0,0,0.0913,0.0913,0.0000,0.0000,0.0000,0.0000,0.0147,0.0000,0.9574,0.0874,0.0874,0,,,,,,,,,
2026-27,us-9280,alaves,MF,7,530,0,0,0.2447,0.2447,0.0674,7,2,3,0,3.1025,2.9919,0.0000,0.0000,0.0416,0.0416,0.0114,1.1887,0.3396,0.5268,0.5081,1,27.4000,29.0000,45.2000,45.2000,9.7000,67.7000,25.8000,64.5000,83.9000
2026-27,us-6400,alaves,FW,6,351,0,0,2.0672,2.0672,1.2727,11,5,0,0,3.3710,0.1965,0.0000,0.0000,0.5301,0.5301,0.3263,2.8205,1.2821,0.8644,0.0504,0,,,,,,,,,
2026-27,us-6075,alaves,GK,7,630,0,1,0.0000,0.0000,0.1714,0,1,1,0,1.3420,1.3420,0.0000,0.1429,0.0000,0.0000,0.0245,0.0000,0.1429,0.1917,0.1917,1,52.8000,100.0000,52.8000,52.8000,100.0000,52.8000,86.1000,72.2000,72.2000
2026-27,us-5058,alaves,MF,6,113,0,1,0.0971,0.0971,0.4841,2,2,0,0,1.1747,1.1526,0.0000,0.7965,0.0773,0.0773,0.3856,1.5929,1.5929,0.9356,0.9180,0,,,,,,,,,
2026-27,us-11826,alaves,MF,3,136,0,0,0.1235,0.1235,0.0237,3,1,0,0,0.1986,0.1524,0.0000,0.0000,0.0818,0.0818,0.0157,1.9853,0.6618,0.1314,0.1009,0,,,,,,,,,
2026-27,us-2308,alaves,MF,6,277,0,0,0.6445,0.6445,0.4360,2,10,1,0,1.5436,0.7936,0.0000,0.0000,0.2094,0.2094,0.1417,0.6498,3.2491,0.5015,0.2578,0,,,,,,,,,
2026-27,us-2280,alaves,DF,6,517,0,0,0.0679,0.0679,0.0842,2,2,0,0,1.4097,1.3492,0.0000,0.0000,0.0118,0.0118,0.0147,0.3482,0.3482,0.2454,0.2349,1,41.3000,42.3000,30.8000,30.8000,34.6000,37.5000,50.0000,57.7000,61.5000
2026-27,us-1189,alaves,FW,6,492,4,0,1.6901,1.6901,0.6235,16,4,0,0,2.5440,1.0314,0.7317,0.0000,0.3092,0.3092,0.1141,2.9268,0.7317,0.4654,0.1887,1,69.0000,27.6000,51.7000,55.2000,48.3000,72.4000,31.0000,37.9000,69.0000
2026-27,us-5110,alaves,FW,7,319,3,3,1.5857,1.5857,0.5904,9,3,2,0,3.1908,1.0996,0.8464,0.8464,0.4474,0.4474,0.1666,2.5392,0.8464,0.9002,0.3102,0,,,,,,,,,
2026-27,us-8712,alaves,FW,3,5,0,0,0.0000,0.0000,0.0694,0,2,0,0,0.0694,0.0000,0.0000,0.0000,0.0000,0.0000,1.2484,0.0000,36.0000,1.2484,0.0000,0,,,,,,,,,
2026-27,us-14681,alaves,MF,3,150,1,0,0.6545,0.6545,0.0668,2,3,0,0,1.3314,0.6101,0.6000,0.0000,0.3927,0.3927,0.0401,1.2000,1.8000,0.7989,0.3660,0,,,,,,,,,
2026-27,us-10364,alaves,DF,7,587,1,0,0.5540,0.5540,0.4858,6,2,2,0,2.3365,1.3609,0.1533,0.0000,0.0849,0.0849,0.0745,0.9199,0.3066,0.3582,0.2087,1,86.5000,42.3000,80.8000,80.8000,71.2000,80.8000,36.5000,69.2000,55.8000
2026-27,us-13313,alaves,DF,4,230,0,0,0.0185,0.0185,0.0232,1,1,1,0,0.7938,0.7938,0.0000,0.0000,0.0072,0.0072,0.0091,0.3913,0.3913,0.3106,0.3106,0,,,,,,,,,
2026-27,us-10857,alaves,MF,7,582,1,0,1.1402,1.1402,0.0961,9,2,1,0,3.7248,3.1162,0.1546,0.0000,0.1763,0.1763,0.0149,1.3918,0.3093,0.5760,0.4819,1,54.8000,29.0000,71.0000,77.4000,16.1000,71.0000,19.4000,71.0000,74.2000
2026-27,us-14519,alaves,DF,7,623,1,0,0.9187,0.9187,0.0000,2,0,0,0,1.3380,1.3380,0.1445,0.0000,0.1327,0.1327,0.0000,0.2889,0.0000,0.1933,0.1933,1,84.6000,42.3000,96.2000,98.1000,4.8000,28.8000,4.8000,40.4000,48.1000
2026-27,us-14260,alaves,FW,1,6,0,0,0.0000,0.0000,0.0000,0,0,0,0,0.5497,0.5497,0.0000,0.0000,0.0000,0.0000,0.0000,0.0000,0.0000,8.2455,8.2455,0,,,,,,,,,
2026-27,us-13278,alaves,FW,6,134,0,0,0.0153,0.0153,0.1101,1,3,0,0,1.2277,1.1395,0.0000,0.0000,0.0103,0.0103,0.0739,0.6716,2.0149,0.8246,0.7653,0,,,,,,,,,
2026-27,us-14392,alaves,DF,7,502,0,3,1.0636,1.0636,2.8394,9,10,0,0,4.0817,2.2033,0.0000,0.5378,0.1907,0.1907,0.5091,1.6135,1.7928,0.7318,0.3950,1,41.3000,100.0000,98.1000,100.0000,100.0000,94.2000,100.0000,92.3000,86.5000
2026-27,us-12724,athletic,FW,1,16,0,0,0.0000,0.0000,0.0000,0,0,0,0,0.1072,0.1072,0.0000,0.0000,0.0000,0.0000,0.0000,0.0000,0.0000,0.6029,0.6029,0,,,,,,,,,
2026-27,us-8948,athletic,DF,4,296,1,0,0.5329,0.5329,0.0593,1,2,0,0,0.6713,0.6120,0.3041,0.0000,0.1620,0.1620,0.0180,0.3041,0.6081,0.2041,0.1861,0,,,,,,,,,
2026-27,us-5091,athletic,MF,6,271,1,1,0.2554,0.2554,1.7234,6,11,1,0,2.4861,1.4326,0.3321,0.3321,0.0848,0.0848,0.5724,1.9926,3.6531,0.8256,0.4758,0,,,,,,,,,
2026-27,us-2498,athletic,DF,6,479,0,0,0.5960,0.5960,0.0000,2,0,0,0,1.8567,1.8567,0.0000,0.0000,0.1120,0.1120,0.0000,0.3758,0.0000,0.3489,0.3489,1,41.3000,42.3000,90.4000,90.4000,4.8000,43.3000,4.8000,67.3000,76.9000
2026-27,us-14777,athletic,MF,5,372,0,0,0.0324,0.0324,0.0569,1,1,2,0,1.1803,1.0910,0.0000,0.0000,0.0078,0.0078,0.0138,0.2419,0.2419,0.2856,0.2640,0,,,,,,,,,
2026-27,us-7020,athletic,FW,4,178,0,0,0.0631,0.0631,0.4475,2,1,2,0,0.5773,0.1099,0.0000,0.0000,0.0319,0.0319,0.2263,1.0112,0.5056,0.2919,0.0556,0,,,,,,,,,
2026-27,us-12189,athletic,DF,2,103,0,0,0.0000,0.0000,0.0000,0,0,0,0,0.0569,0.0569,0.0000,0.0000,0.0000,0.0000,0.0000,0.0000,0.0000,0.0497,0.0497,0,,,,,,,,,
2026-27,us-9755,athletic,MF,5,291,0,1,0.1045,0.1045,0.6924,5,6,2,0,1.3375,1.1862,0.0000,0.3093,0.0323,0.0323,0.2141,1.5464,1.8557,0.4136,0.3669,0,,,,,,,,,
2026-27,us-2399,athletic,FW,6,406,1,2,2.4328,2.4328,0.6395,13,5,0,0,3.3877,0.5072,0.2217,0.4433,0.5393,0.5393,0.1418,2.8818,1.1084,0.7510,0.1124,0,,,,,,,,,
2026-27,us-9768,athletic,DF,5,348,0,0,0.0916,0.0916,0.3391,2,6,1,0,1.4370,1.0288,0.0000,0.0000,0.0237,0.0237,0.0877,0.5172,1.5517,0.3716,0.2661,0,,,,,,,,,
2026-27,us-10352,athletic,DF,5,166,0,0,0.0130,0.0130,0.0000,1,0,1,0,0.1481,0.1351,0.0000,0.0000,0.0070,0.0070,0.0000,0.5422,0.0000,0.0803,0.0733,0,,,,,,,,,
2026-27,us-13417,athletic,FW,3,66,0,0,0.6327,0.6327,0.0000,2,0,0,0,0.6327,0.0000,0.0000,0.0000,0.8628,0.8628,0.0000,2.7273,0.0000,0.8628,0.0000,0,,,,,,,,,
2026-27,us-12263,athletic,MF,5,209,0,0,0.0613,0.0613,0.0147,2,1,0,0,0.8990,0.8229,0.0000,0.0000,0.0264,0.0264,0.0063,0.8612,0.4306,0.3871,0.3544,0,,,,,,,,,
2026-27,us-9211,athletic,MF,6,368,1,0,1.4254,1.4254,0.7774,12,7,0,0,3.3154,1.8456,0.2446,0.0000,0.3486,0.3486,0.1901,2.9348,1.7120,0.8108,0.4514,0,,,,,,,,,
2026-27,us-9825,athletic,FW,1,4,0,0,0.0700,0.0700,0.0000,1,0,0,0,0.0700,0.0000,0.0000,0.0000,1.5749,1.5749,0.0000,22.5000,0.0000,1.5749,0.0000,0,,,,,,,,,
2026-27,us-7779,athletic,MF,6,517,1,0,2.6503,1.9071,1.0566,17,9,0,0,3.0726,0.7771,0.1741,0.0000,0.4614,0.3320,0.1839,2.9594,1.5667,0.5349,0.1353,1,71.0000,29.0000,93.5000,93.5000,71.0000,93.5000,58.1000,67.7000,22.6000
2026-27,us-13123,athletic,MF,4,218,0,0,0.1565,0.1565,0.3099,4,5,0,0,0.6547,0.4595,0.0000,0.0000,0.0646,0.0646,0.1279,1.6514,2.0642,0.2703,0.1897,0,,,,,,,,,
2026-27,us-8765,athletic,MF,5,320,2,0,1.7620,1.7620,0.2241,9,6,1,0,1.8969,0.1594,0.5625,0.0000,0.4956,0.4956,0.0630,2.5312,1.6875,0.5335,0.0448,0,,,,,,,,,
2026-27,us-5185,athletic,GK,6,540,0,0,0.0000,0.0000,0.0000,0,0,0,0,0.9199,0.9199,0.0000,0.0000,0.0000,0.0000,0.0000,0.0000,0.0000,0.1533,0.1533,1,52.8000,50.0000,52.8000,52.8000,38.9000,52.8000,38.9000,55.6000,55.6000
2026-27,us-5062,athletic,DF,4,321,0,1,0.1903,0.1903,0.5936,3,2,0,0,1.7929,1.7322,0.0000,0.2804,0.0533,0.0533,0.1664,0.8411,0.5607,0.5027,0.4857,0,,,,,,,,,
2026-27,us-2229,athletic,DF,5,366,0,0,0.2909,0.2909,0.6761,11,6,2,1,2.8338,2.6018,0.0000,0.0000,0.0715,0.0715,0.1663,2.7049,1.4754,0.6968,0.6398,0,,,,,,,,,
2026-27,us-13001,athletic,FW,1,5,0,0,0.0000,0.0000,0.0000,0,0,0,0,0.0000,0.0000,0.0000,0.0000,0.0000,0.0000,0.0000,0.0000,0.0000,0.0000,0.0000,0,,,,,,,,,
2026-27,us-5556,atletico madrid,FW,7,477,1,0,1.7858,1.7858,1.0632,10,12,1,0,3.4074,0.5584,0.1887,0.0000,0.3369,0.3369,0.2006,1.8868,2.2642,0.6429,0.1054,1,41.4000,27.6000,55.2000,58.6000,65.5000,27.6000,89.7000,69.0000,41.4000
2026-27,us-14722,atletico madrid,MF,5,139,0,0,0.5261,0.5261,0.2455,2,5,0,0,0.2676,0.0000,0.0000,0.0000,0.3406,0.3406,0.1590,1.2950,3.2374,0.1733,0.0000,0,,,,,,,,,
2026-27,us-10101,atletico madrid,MF,1,61,0,0,0.1210,0.1210,0.0000,2,0,0,0,0.1210,0.0000,0.0000,0.0000,0.1786,0.1786,0.0000,2.9508,0.0000,0.1786,0.0000,0,,,,,,,,,
2026-27,us-7218,atletico madrid,DF,4,275,0,0,0.2700,0.2700,0.0000,4,0,1,0,1.8317,1.8111,0.0000,0.0000,0.0884,0.0884,0.0000,1.3091,0.0000,0.5995,0.5927,0,,,,,,,,,
2026-27,us-14233,atletico madrid,DF,1,90,0,0,0.4704,0.4704,0.0000,1,0,0,0,0.1484,0.1484,0.0000,0.0000,0.4704,0.4704,0.0000,1.0000,0.0000,0.1484,0.1484,0,,,,,,,,,
2026-27,us-7086,atletico madrid,DF,7,544,0,2,0.4017,0.4017,0.3637,8,3,1,0,1.9564,1.5571,0.0000,0.3309,0.0665,0.0665,0.0602,1.3235,0.4963,0.3237,0.2576,1,41.3000,96.2000,69.2000,69.2000,65.4000,92.3000,59.6000,63.5000,65.4000
2026-27,us-2278,atletico madrid,DF,7,423,0,0,0.2521,0.2521,0.4366,5,3,1,0,2.4266,2.4266,0.0000,0.0000,0.0536,0.0536,0.0929,1.0638,0.6383,0.5163,0.5163,0,,,,,,,,,
2026-27,us-9796,atletico madrid,DF,7,474,2,2,0.6234,0.6234,0.5563,9,5,0,0,2.5557,1.9415,0.3797,0.3797,0.1184,0.1184,0.1056,1.7089,0.9494,0.4853,0.3686,1,100.0000,98.1000,94.2000,96.2000,84.6000,98.1000,82.7000,84.6000,82.7000
2026-27,us-2261,atletico madrid,GK,7,630,0,0,0.0000,0.0000,0.0000,0,0,0,0,0.9374,0.9374,0.0000,0.0000,0.0000,0.0000,0.0000,0.0000,0.0000,0.1339,0.1339,1,52.8000,50.0000,52.8000,52.8000,38.9000,52.8000,38.9000,44.4000,44.4000
2026-27,us-12323,atletico madrid,MF,5,217,0,1,0.1259,0.1259,0.4699,3,1,1,0,2.5031,1.9454,0.0000,0.4147,0.0522,0.0522,0.1949,1.2442,0.4147,1.0382,0.8068,0,,,,,,,,,
2026-27,us-8636,atletico madrid,FW,3,163,3,1,3.1835,3.1835,1.0328,10,6,0,0,4.2688,0.4793,1.6564,0.5521,1.7578,1.7578,0.5703,5.5215,3.3129,2.3570,0.2646,0,,,,,,,,,
2026-27,us-14721,atletico madrid,DF,1,50,0,0,0.0000,0.0000,0.0000,0,0,1,0,0.0000,0.0000,0.0000,0.0000,0.0000,0.0000,0.0000,0.0000,0.0000,0.0000,0.0000,0,,,,,,,,,
2026-27,us-10846,atletico madrid,FW,3,71,0,0,0.7100,0.7100,0.0390,5,2,0,0,0.4879,0.1420,0.0000,0.0000,0.9000,0.9000,0.0494,6.3380,2.5352,0.6185,0.1801,0,,,,,,,,,
2026-27,us-2269,atletico madrid,MF,7,353,0,0,0.1713,0.1713,0.7287,2,8,0,0,2.8763,2.6065,0.0000,0.0000,0.0437,0.0437,0.1858,0.5099,2.0397,0.7333,0.6645,0,,,,,,,,,
2026-27,us-7313,atletico madrid,FW,7,482,2,1,1.4859,1.4859,1.5823,20,10,1,0,4.7029,1.9327,0.3734,0.1867,0.2774,0.2774,0.2954,3.7344,1.8672,0.8781,0.3609,1,55.2000,63.8000,44.8000,48.3000,86.2000,86.2000,79.3000,79.3000,82.8000
2026-27,us-10189,atletico madrid,DF,6,410,1,0,0.1524,0.1524,0.0000,3,0,2,0,1.0715,1.0395,0.2195,0.0000,0.0335,0.0335,0.0000,0.6585,0.0000,0.2352,0.2282,0,,,,,,,,,
2026-27,us-2518,atletico madrid,DF,7,461,0,1,0.0915,0.0915,0.4226,3,9,1,0,3.9742,3.6260,0.0000,0.1952,0.0179,0.0179,0.0825,0.5857,1.7570,0.7759,0.7079,1,41.3000,94.2000,34.6000,34.6000,75.0000,63.5000,98.1000,96.2000,96.2000
2026-27,us-10903,atletico madrid,MF,7,347,0,0,0.1433,0.1433,0.2754,3,8,1,0,0.7233,0.5409,0.0000,0.0000,0.0372,0.0372,0.0714,0.7781,2.0749,0.1876,0.1403,0,,,,,,,,,
2026-27,us-10494,atletico madrid,MF,4,289,0,1,0.1318,0.1318,0.3771,3,6,0,0,1.1855,0.9659,0.0000,0.3114,0.0411,0.0411,0.1174,0.9343,1.8685,0.3692,0.3008,0,,,,,,,,,
2026-27,us-7276,atletico madrid,DF,4,262,1,0,0.0470,0.0470,0.0000,1,0,0,1,1.1761,1.1761,0.3435,0.0000,0.0161,0.0161,0.0000,0.3435,0.0000,0.4040,0.4040,0,,,,,,,,,
2026-27,us-11216,atletico madrid,MF,3,113,0,0,0.2839,0.2839,0.0000,5,0,0,0,0.2299,0.0000,0.0000,0.0000,0.2261,0.2261,0.0000,3.9823,0.0000,0.1831,0.0000,0,,,,,,,,,
2026-27,us-8417,atletico madrid,FW,7,457,4,1,1.4014,1.4014,1.3584,15,15,1,0,4.9827,3.1572,0.7877,0.1969,0.2760,0.2760,0.2675,2.9540,2.9540,0.9813,0.6218,1,72.4000,69.0000,41.4000,44.8000,82.8000,75.9000,96.6000,86.2000,93.1000
2026-27,us-11866,atletico madrid,DF,6,536,2,1,2.1744,0.6882,0.7863,10,4,0,0,2.8611,1.8936,0.3358,0.1679,0.3651,0.1156,0.1320,1.6791,0.6716,0.4804,0.3180,1,98.1000,88.5000,100.0000,94.2000,92.3000,96.2000,76.9000,82.7000,73.1000
2026-27,us-200,barcelona,DF,6,392,0,1,0.8805,0.8805,0.0704,4,1,0,0,4.8748,4.7366,0.0000,0.2296,0.2021,0.2021,0.0162,0.9184,0.2296,1.1192,1.0875,0,,,,,,,,,
2026-27,us-8150,barcelona,FW,6,417,0,4,2.3574,2.3574,1.6504,12,7,0,0,5.0490,1.1291,0.0000,0.8633,0.5088,0.5088,0.3562,2.5899,1.5108,1.0897,0.2437,0,,,,,,,,,
2026-27,us-8292,barcelona,MF,7,237,0,3,0.9023,0.9023,2.9469,10,12,0,0,6.5548,3.2870,0.0000,1.1392,0.3427,0.3427,1.1191,3.7975,4.5570,2.4892,1.2482,0,,,,,,,,,
2026-27,us-14042,barcelona,GK,1,90,0,0,0.0000,0.0000,0.0000,0,0,0,0,0.2674,0.2674,0.0000,0.0000,0.0000,0.0000,0.0000,0.0000,0.0000,0.2674,0.2674,0,,,,,,,,,
2026-27,us-8045,barcelona,DF,6,472,0,0,0.1793,0.1793,0.5898,4,5,0,0,5.3489,4.8056,0.0000,0.0000,0.0342,0.0342,0.1125,0.7627,0.9534,1.0199,0.9163,1,41.3000,42.3000,55.8000,55.8000,86.5000,73.1000,84.6000,100.0000,100.0000
2026-27,us-11822,barcelona,MF,6,454,4,2,2.7873,2.7873,2.0857,11,11,1,0,7.2433,2.5608,0.7930,0.3965,0.5526,0.5526,0.4135,2.1806,2.1806,1.4359,0.5076,1,100.0000,93.5000,96.8000,96.8000,93.5000,77.4000,77.4000,100.0000,80.6000
2026-27,us-5543,barcelona,FW,3,19,1,0,0.3567,0.3567,0.1086,3,1,0,0,0.2658,0.0000,4.7368,0.0000,1.6897,1.6897,0.5145,14.2105,4.7368,1.2592,0.0000,0,,,,,,,,,
2026-27,us-9804,barcelona,MF,2,68,0,0,0.0000,0.0000,0.0809,0,1,0,0,0.6050,0.5241,0.0000,0.0000,0.0000,0.0000,0.1070,0.0000,1.3235,0.8007,0.6937,0,,,,,,,,,
2026-27,us-12821,barcelona,DF,6,439,0,0,0.0875,0.0875,0.0000,1,0,1,0,5.9632,5.9632,0.0000,0.0000,0.0179,0.0179,0.0000,0.2050,0.0000,1.2225,1.2225,0,,,,,,,,,
2026-27,us-14907,barcelona,FW,1,1,0,0,0.0000,0.0000,0.0000,0,0,0,0,0.0705,0.0705,0.0000,0.0000,0.0000,0.0000,0.0000,0.0000,0.0000,6.3492,6.3492,0,,,,,,,,,
2026-27,us-9773,barcelona,GK,6,501,0,0,0.0000,0.0000,0.0000,0,0,0,0,3.8097,3.8097,0.0000,0.0000,0.0000,0.0000,0.0000,0.0000,0.0000,0.6844,0.6844,1,52.8000,50.0000,52.8000,52.8000,38.9000,52.8000,38.9000,100.0000,100.0000
2026-27,us-2379,barcelona,DF,6,192,1,0,0.1393,0.1393,0.1050,5,1,1,0,2.3582,2.1264,0.4688,0.0000,0.0653,0.0653,0.0492,2.3438,0.4688,1.1054,0.9968,0,,,,,,,,,
2026-27,us-6433,barcelona,DF,4,163,0,0,0.0000,0.0000,0.0483,0,2,0,0,2.9548,2.9347,0.0000,0.0000,0.0000,0.0000,0.0267,0.0000,1.1043,1.6315,1.6204,0,,,,,,,,,
2026-27,us-10772,barcelona,FW,7,222,2,2,4.2880,4.2880,1.3814,16,6,1,0,5.5716,0.9642,0.8108,0.8108,1.7384,1.7384,0.5600,6.4865,2.4324,2.2588,0.3909,0,,,,,,,,,
2026-27,us-11527,barcelona,FW,7,592,7,4,6.0806,4.5941,4.0771,38,27,1,0,12.1240,4.7865,1.0642,0.6081,0.9244,0.6984,0.6198,5.7770,4.1047,1.8432,0.7277,1,93.1000,96.6000,93.1000,93.1000,100.0000,96.6000,100.0000,100.0000,96.6000
2026-27,us-12820,barcelona,MF,7,284,0,2,0.5581,0.5581,1.2118,4,7,0,0,4.0129,2.8426,0.0000,0.6338,0.1769,0.1769,0.3840,1.2676,2.2183,1.2717,0.9008,0,,,,,,,,,
2026-27,us-12005,barcelona,DF,5,429,0,0,0.2355,0.2355,0.0000,3,0,1,0,4.7065,4.6900,0.0000,0.0000,0.0494,0.0494,0.0000,0.6294,0.0000,0.9874,0.9839,0,,,,,,,,,
2026-27,us-8935,barcelona,MF,7,532,1,1,0.5911,0.5911,1.2345,6,14,0,0,7.5020,6.3793,0.1692,0.1692,0.1000,0.1000,0.2088,1.0150,2.3684,1.2691,1.0792,1,67.7000,67.7000,54.8000,61.3000,80.6000,48.4000,83.9000,93.5000,96.8000
2026-27,us-8026,barcelona,FW,7,577,12,3,9.0576,6.8278,2.6453,25,14,0,0,10.2731,1.9800,1.8718,0.4679,1.4128,1.0650,0.4126,3.8995,2.1837,1.6024,0.3088,1,100.0000,86.2000,100.0000,100.0000,93.1000,89.7000,86.2000,96.6000,79.3000
2026-27,us-2496,barcelona,MF,6,360,0,0,0.8229,0.8229,1.5227,4,5,1,0,5.6066,5.4946,0.0000,0.0000,0.2057,0.2057,0.3807,1.0000,1.2500,1.4016,1.3736,0,,,,,,,,,
2026-27,us-1244,barcelona,FW,1,39,0,0,0.0000,0.0000,0.0000,0,0,0,0,0.3185,0.3185,0.0000,0.0000,0.0000,0.0000,0.0000,0.0000,0.0000,0.7351,0.7351,0,,,,,,,,,
2026-27,us-14129,barcelona,DF,5,446,1,2,0.1749,0.1749,1.1975,4,4,1,0,4.2575,3.7244,0.2018,0.4036,0.0353,0.0353,0.2417,0.8072,0.8072,0.8591,0.7516,0,,,,,,,,,
2026-27,us-9805,barcelona,FW,1,7,0,0,0.0000,0.0000,0.2244,0,1,0,0,0.4706,0.2462,0.0000,0.0000,0.0000,0.0000,2.8857,0.0000,12.8571,6.0509,3.1652,0,,,,,,,,,
2026-27,us-13904,celta,DF,1,48,0,0,0.0000,0.0000,0.0000,0,0,0,0,0.0000,0.0000,0.0000,0.0000,0.0000,0.0000,0.0000,0.0000,0.0000,0.0000,0.0000,0,,,,,,,,,
2026-27,us-7842,celta,MF,2,170,0,0,0.0163,0.0163,0.0000,1,0,0,0,0.1278,0.1278,0.0000,0.0000,0.0086,0.0086,0.0000,0.5294,0.0000,0.0677,0.0677,0,,,,,,,,,
2026-27,us-14500,celta,FW,1,65,0,0,0.1333,0.1333,0.0000,1,0,0,0,0.1333,0.0000,0.0000,0.0000,0.1846,0.1846,0.0000,1.3846,0.0000,0.1846,0.0000,0,,,,,,,,,
2026-27,us-2543,celta,FW,2,38,0,0,0.2424,0.2424,0.0451,2,1,0,0,1.2666,0.9791,0.0000,0.0000,0.5741,0.5741,0.1068,4.7368,2.3684,2.9998,2.3189,0,,,,,,,,,
2026-27,us-7655,celta,DF,3,216,1,0,0.7867,0.7867,0.0119,4,1,1,0,0.3490,0.3127,0.4167,0.0000,0.3278,0.3278,0.0049,1.6667,0.4167,0.1454,0.1303,0,,,,,,,,,
2026-27,us-15033,celta,FW,3,53,0,0,0.0604,0.0604,0.1430,2,2,1,0,0.6469,0.4579,0.0000,0.0000,0.1025,0.1025,0.2428,3.3962,3.3962,1.0986,0.7775,0,,,,,,,,,
2026-27,us-8549,celta,FW,7,391,1,0,0.3333,0.3333,0.5815,6,3,0,0,0.9393,0.0568,0.2302,0.0000,0.0767,0.0767,0.1339,1.3811,0.6905,0.2162,0.0131,0,,,,,,,,,
2026-27,us-14362,celta,FW,2,16,0,0,0.2500,0.2500,0.0608,2,1,0,0,0.8070,0.4962,0.0000,0.0000,1.4063,1.4063,0.3420,11.2500,5.6250,4.5394,2.7912,0,,,,,,,,,
2026-27,us-10082,celta,FW,4,251,1,2,1.3752,0.6320,0.7593,8,9,0,0,0.8805,0.1237,0.3586,0.7171,0.4931,0.2266,0.2723,2.8685,3.2271,0.3157,0.0443,0,,,,,,,,,
2026-27,us-10078,celta,DF,5,280,0,2,0.1064,0.1064,1.3796,1,5,0,0,1.8907,0.9239,0.0000,0.6429,0.0342,0.0342,0.4434,0.3214,1.6071,0.6077,0.2970,0,,,,,,,,,
2026-27,us-2290,celta,FW,6,218,1,0,0.5753,0.5753,0.0943,6,2,0,0,0.7866,0.1632,0.4128,0.0000,0.2375,0.2375,0.0389,2.4771,0.8257,0.3247,0.0674,0,,,,,,,,,
2026-27,us-9243,celta,MF,7,494,1,0,0.1605,0.1605,0.2671,5,1,0,0,1.9561,1.5842,0.1822,0.0000,0.0292,0.0292,0.0487,0.9109,0.1822,0.3564,0.2886,1,80.6000,29.0000,32.3000,32.3000,35.5000,35.5000,6.5000,38.7000,54.8000
2026-27,us-1830,celta,GK,7,630,0,0,0.0000,0.0000,0.0000,0,0,1,0,1.2100,1.2100,0.0000,0.0000,0.0000,0.0000,0.0000,0.0000,0.0000,0.1729,0.1729,1,52.8000,50.0000,52.8000,52.8000,38.9000,52.8000,38.9000,66.7000,66.7000
2026-27,us-7385,celta,DF,6,234,0,0,0.0000,0.0000,0.2123,0,4,0,0,0.3573,0.2787,0.0000,0.0000,0.0000,0.0000,0.0817,0.0000,1.5385,0.1374,0.1072,0,,,,,,,,,
2026-27,us-12180,celta,DF,4,232,0,0,0.0231,0.0231,0.0000,1,0,0,0,0.5974,0.5743,0.0000,0.0000,0.0089,0.0089,0.0000,0.3879,0.0000,0.2317,0.2228,0,,,,,,,,,
2026-27,us-12643,celta,DF,7,374,0,0,0.0973,0.0973,0.7009,3,6,2,0,1.0665,0.3607,0.0000,0.0000,0.0234,0.0234,0.1687,0.7219,1.4439,0.2566,0.0868,0,,,,,,,,,
2026-27,us-13361,celta,DF,3,160,0,0,0.3062,0.3062,0.0000,3,0,0,0,0.3225,0.0163,0.0000,0.0000,0.1722,0.1722,0.0000,1.6875,0.0000,0.1814,0.0092,0,,,,,,,,,
2026-27,us-1621,celta,DF,5,413,0,0,0.2301,0.2301,0.0000,3,0,2,1,1.4610,1.4332,0.0000,0.0000,0.0501,0.0501,0.0000,0.6538,0.0000,0.3184,0.3123,0,,,,,,,,,
2026-27,us-13620,celta,MF,7,580,1,2,0.1588,0.1588,0.6661,7,7,0,0,1.4883,1.2153,0.1552,0.3103,0.0246,0.0246,0.1034,1.0862,1.0862,0.2309,0.1886,1,58.1000,80.6000,22.6000,22.6000,54.8000,64.5000,48.4000,22.6000,38.7000
2026-27,us-11154,celta,FW,5,244,2,0,1.1415,1.1415,0.1033,5,3,0,0,1.6447,0.4163,0.7377,0.0000,0.4210,0.4210,0.0381,1.8443,1.1066,0.6067,0.1536,0,,,,,,,,,
2026-27,us-15064,celta,DF,2,180,0,0,0.0147,0.0147,0.0000,1,0,0,0,0.4011,0.3864,0.0000,0.0000,0.0074,0.0074,0.0000,0.5000,0.0000,0.2005,0.1932,0,,,,,,,,,
2026-27,us-8122,celta,DF,7,443,0,0,0.3632,0.3632,0.5877,4,4,1,0,1.5803,0.7953,0.0000,0.0000,0.0738,0.0738,0.1194,0.8126,0.8126,0.3210,0.1616,0,,,,,,,,,
2026-27,us-10870,celta,FW,6,315,0,0,1.1324,1.1324,0.1900,4,3,0,0,1.5347,0.2370,0.0000,0.0000,0.3235,0.3235,0.0543,1.1429,0.8571,0.4385,0.0677,0,,,,,,,,,
2026-27,us-12642,celta,DF,7,582,0,0,0.0503,0.0503,0.0260,1,1,3,0,1.6002,1.5741,0.0000,0.0000,0.0078,0.0078,0.0040,0.1546,0.1546,0.2474,0.2434,1,41.3000,42.3000,23.1000,23.1000,15.4000,15.4000,17.3000,59.6000,63.5000
2026-27,us-13836,celta,DF,3,266,0,0,0.0538,0.0538,0.0054,2,1,0,0,0.2499,0.2096,0.0000,0.0000,0.0182,0.0182,0.0018,0.6767,0.3383,0.0845,0.0709,0,,,,,,,,,
2026-27,us-900,deportivo,FW,5,123,0,0,0.0458,0.0458,0.0000,1,0,0,0,0.7198,0.6740,0.0000,0.0000,0.0335,0.0335,0.0000,0.7317,0.0000,0.5267,0.4931,0,,,,,,,,,
2026-27,us-11834,deportivo,DF,4,239,0,0,0.0000,0.0000,0.0305,0,1,0,1,0.2779,0.2474,0.0000,0.0000,0.0000,0.0000,0.0115,0.0000,0.3766,0.1046,0.0932,0,,,,,,,,,
2026-27,us-1040,deportivo,DF,1,59,0,0,0.0000,0.0000,0.0000,0,0,0,1,0.0641,0.0641,0.0000,0.0000,0.0000,0.0000,0.0000,0.0000,0.0000,0.0977,0.0977,0,,,,,,,,,
2026-27,us-14708,deportivo,FW,8,487,0,0,0.6868,0.6868,0.3909,11,3,1,0,2.1039,1.1779,0.0000,0.0000,0.1269,0.1269,0.0722,2.0329,0.5544,0.3888,0.2177,1,13.8000,27.6000,20.7000,20.7000,34.5000,31.0000,20.7000,34.5000,72.4000
2026-27,us-14707,deportivo,DF,4,285,0,0,0.1557,0.1557,0.0000,2,0,1,0,0.9903,0.9903,0.0000,0.0000,0.0492,0.0492,0.0000,0.6316,0.0000,0.3127,0.3127,0,,,,,,,,,
2026-27,us-14710,deportivo,MF,3,125,0,0,0.3341,0.3341,0.0652,2,1,0,0,0.4416,0.0424,0.0000,0.0000,0.2405,0.2405,0.0469,1.4400,0.7200,0.3180,0.0305,0,,,,,,,,,
2026-27,us-14712,deportivo,FW,3,113,1,0,0.2718,0.2718,0.0513,1,1,0,0,0.7620,0.4389,0.7965,0.0000,0.2165,0.2165,0.0408,0.7965,0.7965,0.6069,0.3496,0,,,,,,,,,
2026-27,us-10940,deportivo,DF,8,659,0,0,0.4129,0.4129,0.7198,6,6,1,0,3.0196,2.1130,0.0000,0.0000,0.0564,0.0564,0.0983,0.8194,0.8194,0.4124,0.2886,1,41.3000,42.3000,65.4000,65.4000,80.8000,76.9000,78.8000,75.0000,69.2000
2026-27,us-12620,deportivo,FW,5,231,0,0,0.3493,0.3493,0.0833,8,2,0,0,0.3543,0.0000,0.0000,0.0000,0.1361,0.1361,0.0324,3.1169,0.7792,0.1380,0.0000,0,,,,,,,,,
2026-27,us-14711,deportivo,FW,1,4,0,0,0.0000,0.0000,0.0000,0,0,0,0,0.0000,0.0000,0.0000,0.0000,0.0000,0.0000,0.0000,0.0000,0.0000,0.0000,0.0000,0,,,,,,,,,
2026-27,us-9839,deportivo,GK,8,720,0,0,0.0000,0.0000,0.0000,0,0,0,0,2.8631,2.8631,0.0000,0.0000,0.0000,0.0000,0.0000,0.0000,0.0000,0.3579,0.3579,1,52.8000,50.0000,52.8000,52.8000,38.9000,52.8000,38.9000,88.9000,88.9000
2026-27,us-11282,deportivo,MF,7,630,0,1,0.0000,0.0000,0.2493,0,5,4,0,2.8637,2.8637,0.0000,0.1429,0.0000,0.0000,0.0356,0.0000,0.7143,0.4091,0.4091,1,27.4000,58.1000,3.2000,3.2000,29.0000,3.2000,38.7000,51.6000,64.5000
2026-27,us-14706,deportivo,DF,6,540,0,0,0.0000,0.0000,0.0250,0,1,1,0,2.6356,2.6356,0.0000,0.0000,0.0000,0.0000,0.0042,0.0000,0.1667,0.4393,0.4393,1,41.3000,42.3000,6.7000,6.7000,17.3000,6.7000,22.1000,80.8000,90.4000
2026-27,us-10163,deportivo,MF,8,481,2,1,0.8966,0.8966,1.7354,5,13,0,0,2.6599,0.4418,0.3742,0.1871,0.1678,0.1678,0.3247,0.9356,2.4324,0.4977,0.0827,1,87.1000,74.2000,67.7000,74.2000,87.1000,38.7000,87.1000,61.3000,6.5000
2026-27,us-11151,deportivo,MF,4,142,0,0,0.0000,0.0000,0.0000,0,0,0,0,0.0504,0.0504,0.0000,0.0000,0.0000,0.0000,0.0000,0.0000,0.0000,0.0319,0.0319,0,,,,,,,,,
2026-27,us-9247,deportivo,MF,8,583,0,2,0.3001,0.3001,1.2606,7,7,1,0,5.0528,4.3436,0.0000,0.3087,0.0463,0.0463,0.1946,1.0806,1.0806,0.7800,0.6705,1,27.4000,77.4000,48.4000,48.4000,74.2000,61.3000,45.2000,83.9000,93.5000
2026-27,us-14714,deportivo,DF,5,213,0,0,0.0000,0.0000,0.0000,0,0,0,0,1.2139,1.2139,0.0000,0.0000,0.0000,0.0000,0.0000,0.0000,0.0000,0.5129,0.5129,0,,,,,,,,,
2026-27,us-318,deportivo,FW,8,646,6,4,4.1434,4.1434,1.5797,20,11,0,0,5.9940,0.3710,0.8359,0.5573,0.5773,0.5773,0.2201,2.7864,1.5325,0.8351,0.0517,1,75.9000,93.1000,79.3000,82.8000,75.9000,69.0000,65.5000,75.9000,13.8000
2026-27,us-14715,deportivo,MF,5,306,0,0,0.0652,0.0652,0.0121,1,1,0,0,1.2318,1.1545,0.0000,0.0000,0.0192,0.0192,0.0036,0.2941,0.2941,0.3623,0.3396,0,,,,,,,,,
2026-27,us-14713,deportivo,FW,1,23,0,0,0.0000,0.0000,0.0820,0,1,0,0,0.0820,0.0000,0.0000,0.0000,0.0000,0.0000,0.3210,0.0000,3.9130,0.3210,0.0000,0,,,,,,,,,
2026-27,us-4052,deportivo,DF,7,626,0,0,0.1344,0.1344,0.0365,3,1,2,0,2.9642,2.9642,0.0000,0.0000,0.0193,0.0193,0.0052,0.4313,0.1438,0.4262,0.4262,1,41.3000,42.3000,38.5000,38.5000,21.2000,48.1000,13.5000,76.9000,88.5000
2026-27,us-14924,deportivo,MF,7,181,0,1,0.1901,0.1901,0.2937,2,1,2,0,0.8654,0.6753,0.0000,0.4972,0.0945,0.0945,0.1460,0.9945,0.4972,0.4303,0.3358,0,,,,,,,,,
2026-27,us-14709,deportivo,FW,5,74,2,0,0.1570,0.1570,0.1901,4,2,0,0,0.3618,0.0147,2.4324,0.0000,0.1910,0.1910,0.2312,4.8649,2.4324,0.4400,0.0179,0,,,,,,,,,
2026-27,us-14931,elche,FW,4,165,1,0,1.5414,1.5414,0.1467,9,2,2,0,1.7836,0.0955,0.5455,0.0000,0.8408,0.8408,0.0800,4.9091,1.0909,0.9729,0.0521,0,,,,,,,,,
2026-27,us-13838,elche,MF,3,200,0,0,1.1243,1.1243,0.4435,5,3,1,0,0.9390,0.0834,0.0000,0.0000,0.5059,0.5059,0.1996,2.2500,1.3500,0.4226,0.0375,0,,,,,,,,,
2026-27,us-12870,elche,DF,7,547,1,0,0.0269,0.0269,0.0563,1,2,0,0,1.2909,1.2077,0.1645,0.0000,0.0044,0.0044,0.0093,0.1645,0.3291,0.2124,0.1987,1,90.4000,42.3000,17.3000,17.3000,28.8000,21.2000,44.2000,51.9000,51.9000
2026-27,us-13837,elche,DF,3,270,0,0,0.5558,0.5558,0.0490,5,1,0,0,1.3130,1.2967,0.0000,0.0000,0.1853,0.1853,0.0163,1.6667,0.3333,0.4377,0.4322,0,,,,,,,,,
2026-27,us-2057,elche,FW,3,115,0,0,0.1945,0.1945,0.3189,3,1,0,0,0.8004,0.2869,0.0000,0.0000,0.1523,0.1523,0.2496,2.3478,0.7826,0.6264,0.2245,0,,,,,,,,,
2026-27,us-11362,elche,MF,4,220,1,0,1.2823,0.5390,0.0270,8,1,1,0,0.9784,0.5295,0.4091,0.0000,0.5246,0.2205,0.0110,3.2727,0.4091,0.4002,0.2166,0,,,,,,,,,
2026-27,us-13841,elche,DF,5,332,0,0,0.0909,0.0909,0.6702,1,2,1,1,1.1976,1.1466,0.0000,0.0000,0.0246,0.0246,0.1817,0.2711,0.5422,0.3247,0.3108,0,,,,,,,,,
2026-27,us-8271,elche,FW,7,481,5,0,2.7700,2.7700,0.3236,11,2,1,0,3.3604,0.3468,0.9356,0.0000,0.5183,0.5183,0.0605,2.0582,0.3742,0.6288,0.0649,1,86.2000,27.6000,72.4000,75.9000,27.6000,37.9000,6.9000,65.5000,20.7000
2026-27,us-8230,elche,DF,7,578,1,0,0.3448,0.3448,0.6547,3,11,1,0,1.8600,1.3505,0.1557,0.0000,0.0537,0.0537,0.1019,0.4671,1.7128,0.2896,0.2103,1,88.5000,42.3000,63.5000,63.5000,82.7000,50.0000,96.2000,61.5000,57.7000
2026-27,us-6750,elche,MF,7,583,0,1,0.1662,0.1662,1.1529,4,8,2,0,1.8683,1.3484,0.0000,0.1544,0.0257,0.0257,0.1780,0.6175,1.2350,0.2884,0.2082,1,27.4000,61.3000,25.8000,25.8000,64.5000,22.6000,51.6000,29.0000,45.2000
2026-27,us-14555,elche,MF,5,303,0,0,0.0148,0.0148,0.0989,1,1,0,0,1.6654,1.5517,0.0000,0.0000,0.0044,0.0044,0.0294,0.2970,0.2970,0.4947,0.4609,0,,,,,,,,,
2026-27,us-8893,elche,FW,3,17,0,1,0.0000,0.0000,0.3530,0,5,1,0,0.2650,0.0561,0.0000,5.2941,0.0000,0.0000,1.8687,0.0000,26.4706,1.4029,0.2970,0,,,,,,,,,
2026-27,us-14400,elche,FW,7,213,0,2,0.4045,0.4045,0.9007,9,5,2,0,2.2936,1.1671,0.0000,0.8451,0.1709,0.1709,0.3806,3.8028,2.1127,0.9691,0.4931,0,,,,,,,,,
2026-27,us-13839,elche,MF,4,268,1,0,0.0893,0.0893,0.0536,1,1,1,0,0.8069,0.7533,0.3358,0.0000,0.0300,0.0300,0.0180,0.3358,0.3358,0.2710,0.2530,0,,,,,,,,,
2026-27,us-13840,elche,MF,4,159,0,0,0.1222,0.1222,0.1462,3,3,0,0,0.5863,0.3619,0.0000,0.0000,0.0692,0.0692,0.0827,1.6981,1.6981,0.3319,0.2049,0,,,,,,,,,
2026-27,us-14719,elche,FW,1,6,0,0,0.0000,0.0000,0.0000,0,0,0,0,0.0000,0.0000,0.0000,0.0000,0.0000,0.0000,0.0000,0.0000,0.0000,0.0000,0.0000,0,,,,,,,,,
2026-27,us-9793,elche,GK,7,630,0,0,0.0000,0.0000,0.0000,0,0,0,0,1.0990,1.0990,0.0000,0.0000,0.0000,0.0000,0.0000,0.0000,0.0000,0.1570,0.1570,1,52.8000,50.0000,52.8000,52.8000,38.9000,52.8000,38.9000,61.1000,61.1000
2026-27,us-2353,elche,DF,4,182,0,0,0.0183,0.0183,0.0000,1,0,0,0,1.1416,1.1233,0.0000,0.0000,0.0091,0.0091,0.0000,0.4945,0.0000,0.5645,0.5555,0,,,,,,,,,
2026-27,us-15066,elche,DF,4,270,0,2,0.3938,0.3938,0.7777,1,3,0,0,1.5404,0.7323,0.0000,0.6667,0.1313,0.1313,0.2592,0.3333,1.0000,0.5135,0.2441,0,,,,,,,,,
2026-27,us-10067,elche,FW,3,88,0,0,0.0094,0.0094,0.0000,1,0,1,0,0.1083,0.0989,0.0000,0.0000,0.0096,0.0096,0.0000,1.0227,0.0000,0.1107,0.1011,0,,,,,,,,,
2026-27,us-8895,elche,DF,7,393,0,3,0.1219,0.1219,1.4299,5,5,1,0,2.5146,0.9786,0.0000,0.6870,0.0279,0.0279,0.3275,1.1450,1.1450,0.5759,0.2241,0,,,,,,,,,
2026-27,us-3425,elche,MF,4,167,1,0,0.1565,0.1565,0.3258,3,2,1,0,1.2467,0.8843,0.5389,0.0000,0.0844,0.0844,0.1756,1.6168,1.0778,0.6719,0.4766,0,,,,,,,,,
2026-27,us-14717,elche,FW,1,20,0,0,0.0000,0.0000,0.0000,0,0,1,0,0.0000,0.0000,0.0000,0.0000,0.0000,0.0000,0.0000,0.0000,0.0000,0.0000,0.0000,0,,,,,,,,,
2026-27,us-8972,elche,DF,7,630,0,1,0.4887,0.4887,0.1406,4,2,0,0,2.5237,2.2127,0.0000,0.1429,0.0698,0.0698,0.0201,0.5714,0.2857,0.3605,0.3161,1,41.3000,86.5000,75.0000,75.0000,42.3000,59.6000,33.7000,71.2000,71.2000
2026-27,us-14718,elche,FW,1,8,0,0,0.0000,0.0000,0.0000,0,0,0,0,0.0000,0.0000,0.0000,0.0000,0.0000,0.0000,0.0000,0.0000,0.0000,0.0000,0.0000,0,,,,,,,,,
2026-27,us-10143,espanyol,MF,4,137,0,0,0.0974,0.0974,0.2036,4,3,0,0,0.9212,0.6294,0.0000,0.0000,0.0640,0.0640,0.1337,2.6277,1.9708,0.6052,0.4135,0,,,,,,,,,
2026-27,us-14700,espanyol,MF,7,399,1,0,1.1959,1.1959,0.0575,11,3,3,0,1.5398,0.3214,0.2256,0.0000,0.2697,0.2697,0.0130,2.4812,0.6767,0.3473,0.0725,0,,,,,,,,,
2026-27,us-11924,espanyol,DF,6,358,0,0,0.0293,0.0293,0.0000,2,0,3,0,2.8193,2.7900,0.0000,0.0000,0.0074,0.0074,0.0000,0.5028,0.0000,0.7088,0.7014,0,,,,,,,,,
2026-27,us-5081,espanyol,MF,7,563,0,0,0.7787,0.7787,1.2989,16,16,2,0,4.0839,3.1457,0.0000,0.0000,0.1245,0.1245,0.2076,2.5577,2.5577,0.6528,0.5029,1,27.4000,29.0000,64.5000,71.0000,77.4000,83.9000,93.5000,80.6000,77.4000
2026-27,us-12994,espanyol,MF,4,173,0,0,0.0882,0.0882,0.0000,2,0,1,0,0.3294,0.2412,0.0000,0.0000,0.0459,0.0459,0.0000,1.0405,0.0000,0.1714,0.1255,0,,,,,,,,,
2026-27,us-14074,espanyol,FW,7,576,0,4,0.7303,0.7303,2.0269,11,13,1,0,3.0094,1.0890,0.0000,0.6250,0.1141,0.1141,0.3167,1.7188,2.0312,0.4702,0.1702,1,13.8000,100.0000,17.2000,17.2000,89.7000,13.8000,82.8000,41.4000,62.1000
2026-27,us-10209,espanyol,FW,3,9,0,0,0.1464,0.1464,0.0000,2,0,0,0,0.2228,0.0764,0.0000,0.0000,1.4642,1.4642,0.0000,20.0000,0.0000,2.2283,0.7641,0,,,,,,,,,
2026-27,us-13455,espanyol,DF,1,90,0,0,0.0225,0.0225,0.0943,1,2,0,0,0.2521,0.1353,0.0000,0.0000,0.0225,0.0225,0.0943,1.0000,2.0000,0.2521,0.1353,0,,,,,,,,,
2026-27,us-6168,espanyol,DF,4,360,0,0,0.1101,0.1101,0.0000,2,0,0,0,1.8799,1.8799,0.0000,0.0000,0.0275,0.0275,0.0000,0.5000,0.0000,0.4700,0.4700,0,,,,,,,,,
2026-27,us-13601,espanyol,MF,6,195,1,1,1.7173,1.7173,0.7343,13,5,2,0,2.5594,0.1990,0.4615,0.4615,0.7926,0.7926,0.3389,6.0000,2.3077,1.1813,0.0918,0,,,,,,,,,
2026-27,us-6224,espanyol,GK,7,630,0,0,0.0000,0.0000,0.0000,0,0,0,0,2.5561,2.5561,0.0000,0.0000,0.0000,0.0000,0.0000,0.0000,0.0000,0.3652,0.3652,1,52.8000,50.0000,52.8000,52.8000,38.9000,52.8000,38.9000,94.4000,94.4000
2026-27,us-10875,espanyol,DF,6,526,0,1,0.0000,0.0000,0.8931,0,3,1,1,2.9833,2.1138,0.0000,0.1711,0.0000,0.0000,0.1528,0.0000,0.5133,0.5104,0.3617,1,41.3000,90.4000,6.7000,6.7000,98.1000,6.7000,65.4000,86.5000,80.8000
2026-27,us-4175,espanyol,FW,5,50,0,0,0.0817,0.0817,0.0000,3,0,1,0,0.1765,0.1350,0.0000,0.0000,0.1471,0.1471,0.0000,5.4000,0.0000,0.3177,0.2429,0,,,,,,,,,
2026-27,us-7916,espanyol,FW,3,28,0,0,0.0285,0.0285,0.1193,1,2,1,0,0.2692,0.1978,0.0000,0.0000,0.0915,0.0915,0.3836,3.2143,6.4286,0.8654,0.6359,0,,,,,,,,,
2026-27,us-13727,espanyol,MF,3,130,0,0,0.0000,0.0000,0.6019,0,4,0,0,1.2791,1.2657,0.0000,0.0000,0.0000,0.0000,0.4167,0.0000,2.7692,0.8855,0.8762,0,,,,,,,,,
2026-27,us-12903,espanyol,MF,4,101,0,1,0.0134,0.0134,0.1214,1,1,1,0,0.4711,0.3363,0.0000,0.8911,0.0119,0.0119,0.1082,0.8911,0.8911,0.4198,0.2997,0,,,,,,,,,
2026-27,us-13350,espanyol,FW,7,617,6,0,4.3366,4.3366,0.2769,16,4,0,0,4.2056,0.4340,0.8752,0.0000,0.6326,0.6326,0.0404,2.3339,0.5835,0.6135,0.0633,1,79.3000,27.6000,86.2000,89.7000,17.2000,44.8000,24.1000,58.6000,17.2000
2026-27,us-13533,espanyol,DF,7,549,0,0,0.0534,0.0534,0.1366,1,2,2,0,2.3824,2.3060,0.0000,0.0000,0.0088,0.0088,0.0224,0.1639,0.3279,0.3906,0.3780,1,41.3000,42.3000,26.9000,26.9000,44.2000,19.2000,42.3000,73.1000,84.6000
2026-27,us-13829,espanyol,MF,6,436,1,0,0.3185,0.3185,0.0844,6,2,0,0,2.3393,1.9365,0.2064,0.0000,0.0657,0.0657,0.0174,1.2385,0.4128,0.4829,0.3997,0,,,,,,,,,
2026-27,us-6149,espanyol,DF,5,431,0,0,0.0551,0.0551,0.1638,2,3,0,0,0.9720,0.8443,0.0000,0.0000,0.0115,0.0115,0.0342,0.4176,0.6265,0.2030,0.1763,0,,,,,,,,,
2026-27,us-8861,espanyol,MF,7,463,0,0,0.0150,0.0150,0.0658,1,1,2,0,2.1908,2.1908,0.0000,0.0000,0.0029,0.0029,0.0128,0.1944,0.1944,0.4259,0.4259,1,27.4000,29.0000,6.5000,6.5000,12.9000,9.7000,12.9000,54.8000,67.7000
2026-27,us-10449,espanyol,DF,3,112,0,0,0.0000,0.0000,0.0000,0,0,0,0,0.1160,0.1160,0.0000,0.0000,0.0000,0.0000,0.0000,0.0000,0.0000,0.0932,0.0932,0,,,,,,,,,
2026-27,us-9297,getafe,DF,2,91,0,0,0.0000,0.0000,0.0000,0,0,0,0,0.0000,0.0000,0.0000,0.0000,0.0000,0.0000,0.0000,0.0000,0.0000,0.0000,0.0000,0,,,,,,,,,
2026-27,us-12566,getafe,FW,4,46,0,0,0.1295,0.1295,0.0000,2,0,0,0,0.5925,0.4778,0.0000,0.0000,0.2534,0.2534,0.0000,3.9130,0.0000,1.1592,0.9349,0,,,,,,,,,
2026-27,us-13392,getafe,DF,6,488,0,0,0.1752,0.1752,0.1913,6,5,0,0,0.7764,0.6074,0.0000,0.0000,0.0323,0.0323,0.0353,1.1066,0.9221,0.1432,0.1120,1,41.3000,42.3000,51.9000,51.9000,57.7000,84.6000,80.8000,21.2000,15.4000
2026-27,us-2252,getafe,FW,2,2,0,0,0.0000,0.0000,0.0000,0,0,0,0,0.0000,0.0000,0.0000,0.0000,0.0000,0.0000,0.0000,0.0000,0.0000,0.0000,0.0000,0,,,,,,,,,
2026-27,us-2415,getafe,GK,7,630,0,0,0.0000,0.0000,0.0221,0,1,0,0,0.5042,0.4821,0.0000,0.0000,0.0000,0.0000,0.0032,0.0000,0.1429,0.0720,0.0689,1,52.8000,50.0000,52.8000,52.8000,77.8000,52.8000,86.1000,16.7000,16.7000
2026-27,us-13788,getafe,DF,4,100,0,0,0.0189,0.0189,0.0438,1,1,2,0,0.1024,0.0397,0.0000,0.0000,0.0170,0.0170,0.0394,0.9000,0.9000,0.0921,0.0357,0,,,,,,,,,
2026-27,us-6151,getafe,DF,7,605,0,0,0.0000,0.0000,0.0383,0,1,2,0,1.2894,1.2894,0.0000,0.0000,0.0000,0.0000,0.0057,0.0000,0.1488,0.1918,0.1918,1,41.3000,42.3000,6.7000,6.7000,23.1000,6.7000,15.4000,36.5000,46.2000
2026-27,us-6219,getafe,FW,7,532,1,0,1.1699,1.1699,0.1573,10,4,2,0,1.7307,0.6133,0.1692,0.0000,0.1979,0.1979,0.0266,1.6917,0.6767,0.2928,0.1038,1,34.5000,27.6000,31.0000,34.5000,10.3000,6.9000,27.6000,24.1000,34.5000
2026-27,us-14893,getafe,MF,5,358,0,0,0.0267,0.0267,0.0000,2,0,1,0,0.2567,0.2300,0.0000,0.0000,0.0067,0.0067,0.0000,0.5028,0.0000,0.0645,0.0578,0,,,,,,,,,
2026-27,us-13560,getafe,FW,4,270,1,1,0.6450,0.6450,0.3353,7,4,1,0,1.0688,0.0885,0.3333,0.3333,0.2150,0.2150,0.1118,2.3333,1.3333,0.3563,0.0295,0,,,,,,,,,
2026-27,us-13696,getafe,FW,1,14,0,0,0.0000,0.0000,0.0000,0,0,0,0,0.0000,0.0000,0.0000,0.0000,0.0000,0.0000,0.0000,0.0000,0.0000,0.0000,0.0000,0,,,,,,,,,
2026-27,us-6242,getafe,DF,6,491,0,0,0.2154,0.2154,0.3628,5,8,3,0,1.1342,0.8948,0.0000,0.0000,0.0395,0.0395,0.0665,0.9165,1.4664,0.2079,0.1640,1,41.3000,42.3000,57.7000,57.7000,67.3000,78.8000,92.3000,44.2000,38.5000
2026-27,us-13790,getafe,FW,1,3,0,0,0.0000,0.0000,0.0000,0,0,0,0,0.0000,0.0000,0.0000,0.0000,0.0000,0.0000,0.0000,0.0000,0.0000,0.0000,0.0000,0,,,,,,,,,
2026-27,us-5043,getafe,DF,3,138,0,0,0.0000,0.0000,0.4290,0,1,0,1,0.5738,0.1449,0.0000,0.0000,0.0000,0.0000,0.2798,0.0000,0.6522,0.3742,0.0945,0,,,,,,,,,
2026-27,us-11349,getafe,MF,4,339,0,0,0.5232,0.5232,0.0262,6,1,2,1,0.4747,0.2679,0.0000,0.0000,0.1389,0.1389,0.0070,1.5929,0.2655,0.1260,0.0711,0,,,,,,,,,
2026-27,us-9001,getafe,FW,7,564,1,1,1.6628,1.6628,0.7445,15,6,0,0,2.2187,0.5133,0.1596,0.1596,0.2653,0.2653,0.1188,2.3936,0.9574,0.3541,0.0819,1,27.6000,58.6000,37.9000,41.4000,51.7000,48.3000,41.4000,31.0000,31.0000
2026-27,us-7888,getafe,DF,5,367,0,0,0.1846,0.1846,0.3923,5,2,2,0,0.4983,0.3968,0.0000,0.0000,0.0453,0.0453,0.0962,1.2262,0.4905,0.1222,0.0973,0,,,,,,,,,
2026-27,us-6088,getafe,MF,7,553,0,0,0.1447,0.1447,0.0182,3,2,1,0,0.8155,0.7854,0.0000,0.0000,0.0236,0.0236,0.0030,0.4882,0.3255,0.1327,0.1278,1,27.4000,29.0000,19.4000,19.4000,6.5000,19.4000,22.6000,3.2000,19.4000
2026-27,us-10947,getafe,MF,6,537,1,0,1.4643,1.4643,0.4521,17,10,2,0,1.7250,0.1543,0.1676,0.0000,0.2454,0.2454,0.0758,2.8492,1.6760,0.2891,0.0259,1,64.5000,29.0000,87.1000,87.1000,48.4000,90.3000,61.3000,32.3000,3.2000
2026-27,us-9381,getafe,DF,4,100,0,0,0.0397,0.0397,0.0000,1,0,1,0,0.0780,0.0383,0.0000,0.0000,0.0357,0.0357,0.0000,0.9000,0.0000,0.0702,0.0344,0,,,,,,,,,
2026-27,us-14389,getafe,DF,5,115,0,0,0.0000,0.0000,0.0000,0,0,1,0,0.1242,0.1242,0.0000,0.0000,0.0000,0.0000,0.0000,0.0000,0.0000,0.0972,0.0972,0,,,,,,,,,
2026-27,us-14387,getafe,DF,6,523,0,0,0.1366,0.1366,0.0265,1,1,0,1,1.3051,1.1420,0.0000,0.0000,0.0235,0.0235,0.0046,0.1721,0.1721,0.2246,0.1965,1,41.3000,42.3000,44.2000,44.2000,19.2000,25.0000,26.9000,53.8000,50.0000
2026-27,us-14895,getafe,FW,2,7,0,0,0.0000,0.0000,0.0000,0,0,0,0,0.0000,0.0000,0.0000,0.0000,0.0000,0.0000,0.0000,0.0000,0.0000,0.0000,0.0000,0,,,,,,,,,
2026-27,us-10319,levante,DF,6,527,1,0,0.6757,0.6757,0.5486,7,2,1,0,0.8080,0.3052,0.1708,0.0000,0.1154,0.1154,0.0937,1.1954,0.3416,0.1380,0.0521,1,96.2000,42.3000,92.3000,92.3000,78.8000,88.5000,48.1000,11.5000,1.9000
2026-27,us-3237,levante,DF,6,515,0,0,0.0463,0.0463,0.2485,1,2,2,0,1.0987,0.8039,0.0000,0.0000,0.0081,0.0081,0.0434,0.1748,0.3495,0.1920,0.1405,1,41.3000,42.3000,25.0000,25.0000,61.5000,26.9000,51.9000,38.5000,28.8000
2026-27,us-11264,levante,MF,1,51,0,0,0.0000,0.0000,0.0238,0,1,0,0,0.0238,0.0000,0.0000,0.0000,0.0000,0.0000,0.0419,0.0000,1.7647,0.0419,0.0000,0,,,,,,,,,
2026-27,us-13035,levante,FW,3,107,0,0,0.0059,0.0059,0.0000,1,0,0,0,0.0486,0.0427,0.0000,0.0000,0.0050,0.0050,0.0000,0.8411,0.0000,0.0409,0.0359,0,,,,,,,,,
2026-27,us-14701,levante,MF,6,380,1,1,0.0509,0.0509,0.6946,2,8,0,0,0.7869,0.2642,0.2368,0.2368,0.0121,0.0121,0.1645,0.4737,1.8947,0.1864,0.0626,0,,,,,,,,,
2026-27,us-10930,levante,FW,3,52,0,1,0.0769,0.0769,0.4784,2,1,0,0,0.5553,0.0000,0.0000,1.7308,0.1330,0.1330,0.8281,3.4615,1.7308,0.9611,0.0000,0,,,,,,,,,
2026-27,us-9520,levante,MF,4,95,0,0,0.0944,0.0944,0.0000,1,0,1,0,0.0224,0.0224,0.0000,0.0000,0.0894,0.0894,0.0000,0.9474,0.0000,0.0212,0.0212,0,,,,,,,,,
2026-27,us-14917,levante,FW,2,38,0,0,0.0000,0.0000,0.0000,0,0,0,0,0.0000,0.0000,0.0000,0.0000,0.0000,0.0000,0.0000,0.0000,0.0000,0.0000,0.0000,0,,,,,,,,,
2026-27,us-9275,levante,FW,6,390,2,0,3.1617,3.1617,0.4801,16,3,1,0,3.9752,1.1253,0.4615,0.0000,0.7296,0.7296,0.1108,3.6923,0.6923,0.9174,0.2597,0,,,,,,,,,
2026-27,us-257,levante,DF,6,248,0,1,0.0941,0.0941,0.0622,2,1,1,0,0.2123,0.1182,0.0000,0.3629,0.0342,0.0342,0.0226,0.7258,0.3629,0.0770,0.0429,0,,,,,,,,,
2026-27,us-9466,levante,MF,6,515,1,1,0.6629,0.6629,2.3688,6,10,0,0,2.2944,0.4738,0.1748,0.1748,0.1158,0.1158,0.4140,1.0485,1.7476,0.4010,0.0828,1,75.8000,71.0000,61.3000,67.7000,96.8000,51.6000,64.5000,45.2000,9.7000
2026-27,us-14258,levante,FW,1,9,0,0,0.0000,0.0000,0.0000,0,0,0,0,0.0000,0.0000,0.0000,0.0000,0.0000,0.0000,0.0000,0.0000,0.0000,0.0000,0.0000,0,,,,,,,,,
2026-27,us-7605,levante,DF,6,527,0,0,0.0148,0.0148,0.0955,1,1,0,0,1.3538,1.3538,0.0000,0.0000,0.0025,0.0025,0.0163,0.1708,0.1708,0.2312,0.2312,1,41.3000,42.3000,15.4000,15.4000,38.5000,23.1000,25.0000,55.8000,59.6000
2026-27,us-14702,levante,FW,1,21,0,0,0.0000,0.0000,0.0000,0,0,0,0,0.0000,0.0000,0.0000,0.0000,0.0000,0.0000,0.0000,0.0000,0.0000,0.0000,0.0000,0,,,,,,,,,
2026-27,us-2385,levante,GK,6,540,0,0,0.0000,0.0000,0.0000,0,0,0,0,0.6753,0.6753,0.0000,0.0000,0.0000,0.0000,0.0000,0.0000,0.0000,0.1126,0.1126,1,52.8000,50.0000,52.8000,52.8000,38.9000,52.8000,38.9000,27.8000,27.8000
2026-27,us-13772,levante,DF,5,305,0,0,0.3977,0.3977,0.1007,1,2,0,0,0.1668,0.0661,0.0000,0.0000,0.1173,0.1173,0.0297,0.2951,0.5902,0.0492,0.0195,0,,,,,,,,,
2026-27,us-8764,levante,MF,6,470,0,0,0.0280,0.0280,0.0131,1,1,0,0,1.0560,1.0429,0.0000,0.0000,0.0054,0.0054,0.0025,0.1915,0.1915,0.2022,0.1997,1,27.4000,29.0000,9.7000,9.7000,3.2000,6.5000,9.7000,16.1000,41.9000
2026-27,us-13770,levante,MF,3,61,0,0,0.0652,0.0652,0.0000,1,0,0,0,0.0652,0.0000,0.0000,0.0000,0.0962,0.0962,0.0000,1.4754,0.0000,0.0962,0.0000,0,,,,,,,,,
2026-27,us-14342,levante,FW,2,70,0,0,0.1024,0.1024,0.0000,1,0,0,0,0.1024,0.0000,0.0000,0.0000,0.1317,0.1317,0.0000,1.2857,0.0000,0.1317,0.0000,0,,,,,,,,,
2026-27,us-13767,levante,FW,5,450,3,0,3.1224,3.1224,0.1314,13,2,0,0,2.4291,0.2220,0.6000,0.0000,0.6245,0.6245,0.0263,2.6000,0.4000,0.4858,0.0444,1,65.5000,27.6000,82.8000,86.2000,6.9000,65.5000,10.3000,44.8000,10.3000
2026-27,us-14393,levante,FW,4,302,0,0,0.7134,0.7134,0.1632,6,2,0,0,0.9415,0.1269,0.0000,0.0000,0.2126,0.2126,0.0486,1.7881,0.5960,0.2806,0.0378,0,,,,,,,,,
2026-27,us-8500,levante,MF,5,220,0,0,0.3969,0.3969,0.4940,1,2,0,0,0.8909,0.0000,0.0000,0.0000,0.1624,0.1624,0.2021,0.4091,0.8182,0.3645,0.0000,0,,,,,,,,,
2026-27,us-14983,levante,FW,2,51,0,0,0.0427,0.0427,0.0000,1,0,0,0,0.0427,0.0000,0.0000,0.0000,0.0754,0.0754,0.0000,1.7647,0.0000,0.0754,0.0000,0,,,,,,,,,
2026-27,us-12115,malaga,FW,3,83,1,0,0.4437,0.4437,0.0127,5,1,0,0,0.2436,0.1312,1.0843,0.0000,0.4811,0.4811,0.0138,5.4217,1.0843,0.2642,0.1422,0,,,,,,,,,
2026-27,us-14724,malaga,GK,7,630,0,0,0.0000,0.0000,0.0000,0,0,1,0,0.5751,0.5751,0.0000,0.0000,0.0000,0.0000,0.0000,0.0000,0.0000,0.0822,0.0822,1,52.8000,50.0000,52.8000,52.8000,38.9000,52.8000,38.9000,22.2000,22.2000
2026-27,us-11540,malaga,FW,6,481,1,0,0.2915,0.2915,0.2961,4,5,0,0,1.2676,0.7724,0.1871,0.0000,0.0545,0.0545,0.0554,0.7484,0.9356,0.2372,0.1445,1,37.9000,27.6000,3.4000,3.4000,24.1000,3.4000,37.9000,10.3000,55.2000
2026-27,us-14725,malaga,DF,6,350,0,0,0.0128,0.0128,0.1233,1,2,2,0,0.4327,0.3095,0.0000,0.0000,0.0033,0.0033,0.0317,0.2571,0.5143,0.1113,0.0796,0,,,,,,,,,
2026-27,us-14732,malaga,FW,7,557,1,0,2.5626,1.0760,0.1055,15,3,1,0,1.1289,0.1101,0.1616,0.0000,0.4141,0.1739,0.0170,2.4237,0.4847,0.1824,0.0178,1,31.0000,27.6000,62.1000,27.6000,3.4000,55.2000,13.8000,3.4000,3.4000
2026-27,us-14731,malaga,MF,6,422,0,0,0.5335,0.5335,0.1969,2,4,1,0,0.6727,0.5415,0.0000,0.0000,0.1138,0.1138,0.0420,0.4265,0.8531,0.1435,0.1155,0,,,,,,,,,
2026-27,us-14730,malaga,FW,7,573,0,0,0.5765,0.5765,0.5297,12,10,3,0,1.4798,0.7434,0.0000,0.0000,0.0905,0.0905,0.0832,1.8848,1.5707,0.2324,0.1168,1,13.8000,27.6000,13.8000,13.8000,41.4000,24.1000,69.0000,6.9000,48.3000
2026-27,us-14726,malaga,DF,6,479,0,0,0.0000,0.0000,0.0000,0,0,2,0,0.5164,0.5164,0.0000,0.0000,0.0000,0.0000,0.0000,0.0000,0.0000,0.0970,0.0970,1,41.3000,42.3000,6.7000,6.7000,4.8000,6.7000,4.8000,5.8000,9.6000
2026-27,us-14733,malaga,FW,2,58,0,0,0.0822,0.0822,0.0000,1,0,1,0,0.0000,0.0000,0.0000,0.0000,0.1275,0.1275,0.0000,1.5517,0.0000,0.0000,0.0000,0,,,,,,,,,
2026-27,us-14736,malaga,FW,2,29,0,0,0.2748,0.2748,0.0441,3,1,0,0,0.1047,0.0000,0.0000,0.0000,0.8528,0.8528,0.1368,9.3103,3.1034,0.3250,0.0000,0,,,,,,,,,
2026-27,us-14729,malaga,MF,6,428,0,0,0.0304,0.0304,0.1103,1,3,0,0,0.3579,0.3021,0.0000,0.0000,0.0064,0.0064,0.0232,0.2103,0.6308,0.0753,0.0635,0,,,,,,,,,
2026-27,us-10301,malaga,FW,1,1,0,0,0.0000,0.0000,0.0000,0,0,0,0,0.0000,0.0000,0.0000,0.0000,0.0000,0.0000,0.0000,0.0000,0.0000,0.0000,0.0000,0,,,,,,,,,
2026-27,us-7258,malaga,MF,7,396,0,0,0.1980,0.1980,0.2709,5,4,0,0,0.3391,0.0631,0.0000,0.0000,0.0450,0.0450,0.0616,1.1364,0.9091,0.0771,0.0143,0,,,,,,,,,
2026-27,us-8902,malaga,DF,6,360,0,0,0.0174,0.0174,0.0324,1,1,1,0,0.5840,0.5343,0.0000,0.0000,0.0043,0.0043,0.0081,0.2500,0.2500,0.1460,0.1336,0,,,,,,,,,
2026-27,us-7186,malaga,DF,2,91,0,0,0.0693,0.0693,0.0000,1,0,0,0,0.0753,0.0753,0.0000,0.0000,0.0685,0.0685,0.0000,0.9890,0.0000,0.0745,0.0745,0,,,,,,,,,
2026-27,us-6759,malaga,FW,7,244,0,1,0.0813,0.0813,0.1270,4,1,1,0,0.5530,0.3797,0.0000,0.3689,0.0300,0.0300,0.0469,1.4754,0.3689,0.2040,0.1400,0,,,,,,,,,
2026-27,us-8284,malaga,FW,1,4,0,0,0.0000,0.0000,0.0000,0,0,0,0,0.0329,0.0329,0.0000,0.0000,0.0000,0.0000,0.0000,0.0000,0.0000,0.7412,0.7412,0,,,,,,,,,
2026-27,us-8183,malaga,MF,5,301,0,1,0.0829,0.0829,0.5298,3,8,1,0,0.6199,0.4921,0.0000,0.2990,0.0248,0.0248,0.1584,0.8970,2.3920,0.1854,0.1471,0,,,,,,,,,
2026-27,us-14735,malaga,MF,4,164,0,0,0.2105,0.2105,0.0464,7,2,0,0,0.4087,0.2530,0.0000,0.0000,0.1155,0.1155,0.0255,3.8415,1.0976,0.2243,0.1389,0,,,,,,,,,
2026-27,us-14728,malaga,DF,7,560,0,0,0.0357,0.0357,0.0548,1,1,1,0,0.8811,0.8811,0.0000,0.0000,0.0057,0.0057,0.0088,0.1607,0.1607,0.1416,0.1416,1,41.3000,42.3000,19.2000,19.2000,25.0000,17.3000,19.2000,17.3000,32.7000
2026-27,us-14734,malaga,FW,7,92,0,0,0.0000,0.0000,0.0688,0,2,3,0,0.3555,0.3555,0.0000,0.0000,0.0000,0.0000,0.0673,0.0000,1.9565,0.3478,0.3478,0,,,,,,,,,
2026-27,us-14727,malaga,DF,7,630,0,0,0.1411,0.1411,0.0207,4,1,0,0,1.0009,0.9708,0.0000,0.0000,0.0202,0.0202,0.0030,0.5714,0.1429,0.1430,0.1387,1,41.3000,42.3000,40.4000,40.4000,13.5000,59.6000,10.6000,19.2000,26.9000
2026-27,us-12790,osasuna,DF,7,525,0,0,0.0349,0.0349,0.7272,2,3,2,0,1.0657,0.8006,0.0000,0.0000,0.0060,0.0060,0.1247,0.3429,0.5143,0.1827,0.1372,1,41.3000,42.3000,21.2000,21.2000,90.4000,34.6000,67.3000,32.7000,25.0000
2026-27,us-8424,osasuna,FW,3,156,0,0,0.1406,0.1406,0.1186,2,3,0,0,1.0938,0.9532,0.0000,0.0000,0.0811,0.0811,0.0684,1.1538,1.7308,0.6311,0.5499,0,,,,,,,,,
2026-27,us-4193,osasuna,GK,2,180,0,0,0.0000,0.0000,0.0000,0,0,0,0,0.0000,0.0000,0.0000,0.0000,0.0000,0.0000,0.0000,0.0000,0.0000,0.0000,0.0000,0,,,,,,,,,
2026-27,us-7604,osasuna,DF,6,540,0,0,0.0000,0.0000,0.0121,0,1,0,0,0.9920,0.9799,0.0000,0.0000,0.0000,0.0000,0.0020,0.0000,0.1667,0.1653,0.1633,1,41.3000,42.3000,6.7000,6.7000,9.6000,6.7000,22.1000,26.9000,36.5000
2026-27,us-1235,osasuna,FW,7,499,5,0,4.6214,2.3916,0.1766,18,2,0,0,2.7181,0.3911,0.9018,0.0000,0.8335,0.4313,0.0318,3.2465,0.3607,0.4902,0.0705,1,82.8000,27.6000,89.7000,65.5000,13.8000,79.3000,3.4000,48.3000,27.6000
2026-27,us-12537,osasuna,DF,5,286,0,0,0.0725,0.0725,0.0651,2,1,1,0,0.4267,0.3377,0.0000,0.0000,0.0228,0.0228,0.0205,0.6294,0.3147,0.1343,0.1063,0,,,,,,,,,
2026-27,us-5065,osasuna,DF,2,105,0,0,0.0000,0.0000,0.0485,0,1,0,0,0.1032,0.1032,0.0000,0.0000,0.0000,0.0000,0.0416,0.0000,0.8571,0.0885,0.0885,0,,,,,,,,,
2026-27,us-12893,osasuna,DF,3,206,0,0,0.0000,0.0000,0.0700,0,1,0,0,0.1714,0.1014,0.0000,0.0000,0.0000,0.0000,0.0306,0.0000,0.4369,0.0749,0.0443,0,,,,,,,,,
2026-27,us-11395,osasuna,MF,6,480,0,0,0.1534,0.1534,0.0900,2,3,1,0,0.9333,0.8457,0.0000,0.0000,0.0288,0.0288,0.0169,0.3750,0.5625,0.1750,0.1586,1,27.4000,29.0000,29.0000,29.0000,19.4000,16.1000,32.3000,6.5000,29.0000
2026-27,us-12472,osasuna,DF,7,573,0,0,0.1214,0.1214,0.5571,3,2,0,0,1.2111,0.6990,0.0000,0.0000,0.0191,0.0191,0.0875,0.4712,0.3141,0.1902,0.1098,1,41.3000,42.3000,36.5000,36.5000,76.9000,51.9000,40.4000,34.6000,13.5000
2026-27,us-7857,osasuna,MF,7,496,0,0,0.0554,0.0554,0.1312,2,1,3,0,1.0309,1.0000,0.0000,0.0000,0.0101,0.0101,0.0238,0.3629,0.1815,0.1871,0.1815,1,27.4000,29.0000,12.9000,12.9000,25.8000,12.9000,3.2000,12.9000,35.5000
2026-27,us-14915,osasuna,MF,7,241,0,0,1.0615,1.0615,0.1425,4,2,0,0,0.8506,0.3021,0.0000,0.0000,0.3964,0.3964,0.0532,1.4938,0.7469,0.3176,0.1128,0,,,,,,,,,
2026-27,us-10858,osasuna,DF,3,188,0,0,0.1309,0.1309,0.0000,2,0,1,0,0.2534,0.2534,0.0000,0.0000,0.0626,0.0626,0.0000,0.9574,0.0000,0.1213,0.1213,0,,,,,,,,,
2026-27,us-5140,osasuna,MF,6,234,1,0,0.8259,0.8259,0.3015,5,4,3,0,1.1876,0.1186,0.3846,0.0000,0.3176,0.3176,0.1160,1.9231,1.5385,0.4568,0.0456,0,,,,,,,,,
2026-27,us-7050,osasuna,MF,5,221,0,0,0.0583,0.0583,0.0222,1,1,0,0,0.2965,0.2744,0.0000,0.0000,0.0237,0.0237,0.0090,0.4072,0.4072,0.1208,0.1117,0,,,,,,,,,
2026-27,us-2198,osasuna,MF,4,249,0,1,0.0000,0.0000,0.6874,0,4,0,0,1.0204,0.3330,0.0000,0.3614,0.0000,0.0000,0.2485,0.0000,1.4458,0.3688,0.1204,0,,,,,,,,,
2026-27,us-8042,osasuna,FW,7,354,0,1,1.0396,1.0396,0.5897,11,2,1,0,1.6246,0.1813,0.0000,0.2542,0.2643,0.2643,0.1499,2.7966,0.5085,0.4130,0.0461,0,,,,,,,,,
2026-27,us-8584,osasuna,MF,5,165,0,0,0.3003,0.3003,0.6889,4,3,0,0,0.7949,0.0000,0.0000,0.0000,0.1638,0.1638,0.3758,2.1818,1.6364,0.4336,0.0000,0,,,,,,,,,
2026-27,us-15026,osasuna,DF,3,206,0,0,0.0000,0.0000,0.0150,0,1,1,0,0.0629,0.0629,0.0000,0.0000,0.0000,0.0000,0.0066,0.0000,0.4369,0.0275,0.0275,0,,,,,,,,,
2026-27,us-3721,osasuna,FW,2,31,0,0,0.0000,0.0000,0.0000,0,0,0,0,0.0000,0.0000,0.0000,0.0000,0.0000,0.0000,0.0000,0.0000,0.0000,0.0000,0.0000,0,,,,,,,,,
2026-27,us-2183,osasuna,MF,7,381,0,0,0.2725,0.2725,0.5723,6,7,1,0,0.9261,0.7094,0.0000,0.0000,0.0644,0.0644,0.1352,1.4173,1.6535,0.2188,0.1676,0,,,,,,,,,
2026-27,us-7859,osasuna,GK,5,450,0,0,0.0000,0.0000,0.1014,0,1,2,0,0.2579,0.1565,0.0000,0.0000,0.0000,0.0000,0.0203,0.0000,0.2000,0.0516,0.0313,1,52.8000,50.0000,52.8000,52.8000,94.4000,52.8000,100.0000,11.1000,11.1000
2026-27,us-14916,osasuna,DF,2,164,0,0,0.0745,0.0745,0.0000,1,0,0,0,0.5734,0.5734,0.0000,0.0000,0.0409,0.0409,0.0000,0.5488,0.0000,0.3147,0.3147,0,,,,,,,,,
2026-27,us-5133,racing,DF,3,114,0,0,0.0000,0.0000,0.0739,0,3,0,0,0.3678,0.3678,0.0000,0.0000,0.0000,0.0000,0.0583,0.0000,2.3684,0.2903,0.2903,0,,,,,,,,,
2026-27,us-11057,racing,MF,3,120,0,0,0.0000,0.0000,0.0703,0,3,0,1,0.2350,0.2350,0.0000,0.0000,0.0000,0.0000,0.0528,0.0000,2.2500,0.1763,0.1763,0,,,,,,,,,
2026-27,us-9814,racing,MF,3,242,1,0,2.1460,0.6594,0.7235,9,6,0,0,1.7822,0.4921,0.3719,0.0000,0.7981,0.2452,0.2691,3.3471,2.2314,0.6628,0.1830,0,,,,,,,,,
2026-27,us-5173,racing,FW,6,251,0,1,0.4899,0.4899,0.3515,3,1,0,0,0.7884,0.0561,0.0000,0.3586,0.1756,0.1756,0.1260,1.0757,0.3586,0.2827,0.0201,0,,,,,,,,,
2026-27,us-14690,racing,FW,1,7,0,0,0.0000,0.0000,0.0000,0,0,0,0,0.0000,0.0000,0.0000,0.0000,0.0000,0.0000,0.0000,0.0000,0.0000,0.0000,0.0000,0,,,,,,,,,
2026-27,us-14691,racing,DF,5,249,0,0,0.0000,0.0000,0.0000,0,0,1,0,0.5352,0.5352,0.0000,0.0000,0.0000,0.0000,0.0000,0.0000,0.0000,0.1935,0.1935,0,,,,,,,,,
2026-27,us-14930,racing,FW,4,51,0,0,0.4057,0.4057,0.0000,1,0,0,0,0.4221,0.0163,0.0000,0.0000,0.7160,0.7160,0.0000,1.7647,0.0000,0.7448,0.0288,0,,,,,,,,,
2026-27,us-11869,racing,MF,3,270,0,0,0.0746,0.0746,0.5110,2,4,1,0,1.4321,0.8825,0.0000,0.0000,0.0249,0.0249,0.1703,0.6667,1.3333,0.4774,0.2942,0,,,,,,,,,
2026-27,us-14324,racing,MF,3,131,0,0,0.0667,0.0667,0.0239,2,1,0,0,0.0855,0.0325,0.0000,0.0000,0.0459,0.0459,0.0164,1.3740,0.6870,0.0587,0.0223,0,,,,,,,,,
2026-27,us-7529,racing,MF,5,400,0,0,0.0687,0.0687,0.4634,1,3,0,0,1.5475,1.4621,0.0000,0.0000,0.0155,0.0155,0.1043,0.2250,0.6750,0.3482,0.3290,0,,,,,,,,,
2026-27,us-8921,racing,MF,7,543,0,2,0.2075,0.2075,1.9084,4,16,2,0,1.9839,0.9796,0.0000,0.3315,0.0344,0.0344,0.3163,0.6630,2.6519,0.3288,0.1624,1,27.4000,83.9000,35.5000,35.5000,83.9000,25.8000,96.8000,35.5000,32.3000
2026-27,us-10300,racing,DF,3,209,0,0,0.0707,0.0707,0.0000,2,0,1,0,0.4304,0.4304,0.0000,0.0000,0.0304,0.0304,0.0000,0.8612,0.0000,0.1853,0.1853,0,,,,,,,,,
2026-27,us-14687,racing,DF,7,541,0,0,0.1379,0.1379,0.2301,2,3,2,0,0.9821,0.7918,0.0000,0.0000,0.0229,0.0229,0.0383,0.3327,0.4991,0.1634,0.1317,1,41.3000,42.3000,42.3000,42.3000,59.6000,32.7000,61.5000,25.0000,21.2000
2026-27,us-10325,racing,FW,3,66,0,0,0.2171,0.2171,0.0000,1,0,0,0,0.2171,0.0000,0.0000,0.0000,0.2961,0.2961,0.0000,1.3636,0.0000,0.2961,0.0000,0,,,,,,,,,
2026-27,us-9824,racing,GK,7,630,0,0,0.0000,0.0000,0.0000,0,0,0,0,0.7931,0.7931,0.0000,0.0000,0.0000,0.0000,0.0000,0.0000,0.0000,0.1133,0.1133,1,52.8000,50.0000,52.8000,52.8000,38.9000,52.8000,38.9000,33.3000,33.3000
2026-27,us-14689,racing,MF,5,136,1,0,0.4466,0.4466,0.0000,3,0,0,0,0.6209,0.5686,0.6618,0.0000,0.2956,0.2956,0.0000,1.9853,0.0000,0.4109,0.3763,0,,,,,,,,,
2026-27,us-14692,racing,DF,5,406,0,0,0.1197,0.1197,0.0000,3,0,1,0,0.3804,0.3804,0.0000,0.0000,0.0265,0.0265,0.0000,0.6650,0.0000,0.0843,0.0843,0,,,,,,,,,
2026-27,us-11959,racing,MF,4,264,0,0,0.0000,0.0000,0.0961,0,2,0,0,0.6706,0.6508,0.0000,0.0000,0.0000,0.0000,0.0328,0.0000,0.6818,0.2286,0.2219,0,,,,,,,,,
2026-27,us-13376,racing,MF,6,262,2,0,1.0177,1.0177,0.0995,10,2,1,0,1.2510,0.4675,0.6870,0.0000,0.3496,0.3496,0.0342,3.4351,0.6870,0.4297,0.1606,0,,,,,,,,,
2026-27,us-9477,racing,DF,5,382,0,0,0.0273,0.0273,0.0390,2,1,2,0,0.7933,0.7660,0.0000,0.0000,0.0064,0.0064,0.0092,0.4712,0.2356,0.1869,0.1805,0,,,,,,,,,
2026-27,us-14122,racing,DF,3,80,0,0,0.0000,0.0000,0.0000,0,0,1,0,0.2171,0.2171,0.0000,0.0000,0.0000,0.0000,0.0000,0.0000,0.0000,0.2443,0.2443,0,,,,,,,,,
2026-27,us-2571,racing,MF,7,515,1,0,1.0625,1.0625,0.0995,13,2,1,0,2.2618,1.3009,0.1748,0.0000,0.1857,0.1857,0.0174,2.2718,0.3495,0.3953,0.2273,1,75.8000,29.0000,74.2000,80.6000,22.6000,80.6000,29.0000,41.9000,48.4000
2026-27,us-14688,racing,MF,2,123,1,0,0.0327,0.0327,0.0000,1,0,0,0,0.2079,0.1752,0.7317,0.0000,0.0239,0.0239,0.0000,0.7317,0.0000,0.1521,0.1282,0,,,,,,,,,
2026-27,us-14459,racing,FW,7,381,6,0,3.2730,3.2730,0.0600,14,2,4,0,3.8682,0.5892,1.4173,0.0000,0.7732,0.7732,0.0142,3.3071,0.4724,0.9137,0.1392,0,,,,,,,,,
2026-27,us-14686,racing,DF,6,517,0,0,0.4278,0.4278,0.0530,2,1,2,0,1.2049,0.7241,0.0000,0.0000,0.0745,0.0745,0.0092,0.3482,0.1741,0.2097,0.1260,1,41.3000,42.3000,78.8000,78.8000,26.9000,37.5000,28.8000,46.2000,19.2000
2026-27,us-14693,racing,MF,2,85,0,0,0.0000,0.0000,0.2171,0,1,0,0,0.5686,0.5686,0.0000,0.0000,0.0000,0.0000,0.2299,0.0000,1.0588,0.6020,0.6020,0,,,,,,,,,
2026-27,us-7174,rayo vallecano,DF,5,409,1,1,0.2441,0.2441,1.3819,4,9,1,0,1.9824,1.0198,0.2200,0.2200,0.0537,0.0537,0.3041,0.8802,1.9804,0.4362,0.2244,0,,,,,,,,,
2026-27,us-14059,rayo vallecano,FW,6,99,0,0,0.8352,0.8352,0.0000,6,0,2,0,0.4405,0.0614,0.0000,0.0000,0.7593,0.7593,0.0000,5.4545,0.0000,0.4005,0.0558,0,,,,,,,,,
2026-27,us-7515,rayo vallecano,DF,6,540,1,0,0.6204,0.6204,0.7383,7,4,0,0,2.0618,1.5801,0.1667,0.0000,0.1034,0.1034,0.1231,1.1667,0.6667,0.3436,0.2633,1,93.3000,42.3000,84.6000,84.6000,88.5000,86.5000,75.0000,65.4000,67.3000
2026-27,us-12298,rayo vallecano,GK,2,153,0,0,0.0000,0.0000,0.0000,0,0,0,0,0.0253,0.0253,0.0000,0.0000,0.0000,0.0000,0.0000,0.0000,0.0000,0.0149,0.0149,0,,,,,,,,,
2026-27,us-8108,rayo vallecano,GK,3,207,0,0,0.0000,0.0000,0.0000,0,0,0,0,0.5345,0.5345,0.0000,0.0000,0.0000,0.0000,0.0000,0.0000,0.0000,0.2324,0.2324,0,,,,,,,,,
2026-27,us-1302,rayo vallecano,GK,3,270,0,0,0.0000,0.0000,0.0172,0,1,0,0,0.1870,0.1870,0.0000,0.0000,0.0000,0.0000,0.0057,0.0000,0.3333,0.0623,0.0623,0,,,,,,,,,
2026-27,us-5073,rayo vallecano,DF,7,630,0,0,0.4858,0.4858,0.0206,13,1,1,0,1.4861,1.3975,0.0000,0.0000,0.0694,0.0694,0.0029,1.8571,0.1429,0.2123,0.1996,1,41.3000,42.3000,73.1000,73.1000,11.5000,100.0000,10.6000,48.1000,53.8000
2026-27,us-10944,rayo vallecano,MF,5,132,0,0,0.0293,0.0293,0.0253,1,1,1,1,0.0915,0.0370,0.0000,0.0000,0.0200,0.0200,0.0172,0.6818,0.6818,0.0624,0.0252,0,,,,,,,,,
2026-27,us-13809,rayo vallecano,MF,4,196,0,0,0.7389,0.7389,0.4838,6,2,1,0,1.4122,0.2065,0.0000,0.0000,0.3393,0.3393,0.2222,2.7551,0.9184,0.6485,0.0948,0,,,,,,,,,
2026-27,us-15028,rayo vallecano,MF,5,186,0,0,0.0246,0.0246,0.0619,1,3,1,0,0.2364,0.1716,0.0000,0.0000,0.0119,0.0119,0.0300,0.4839,1.4516,0.1144,0.0830,0,,,,,,,,,
2026-27,us-9812,rayo vallecano,MF,2,85,0,0,0.0472,0.0472,0.0000,1,0,0,0,0.6042,0.6042,0.0000,0.0000,0.0500,0.0500,0.0000,1.0588,0.0000,0.6398,0.6398,0,,,,,,,,,
2026-27,us-5672,rayo vallecano,DF,6,195,0,0,0.0000,0.0000,0.0000,0,0,0,0,0.1655,0.1655,0.0000,0.0000,0.0000,0.0000,0.0000,0.0000,0.0000,0.0764,0.0764,0,,,,,,,,,
2026-27,us-8107,rayo vallecano,FW,5,384,0,1,0.1310,0.1310,0.3264,2,3,0,1,1.0439,0.5865,0.0000,0.2344,0.0307,0.0307,0.0765,0.4688,0.7031,0.2447,0.1375,0,,,,,,,,,
2026-27,us-13694,rayo vallecano,DF,2,121,0,0,0.0000,0.0000,0.0000,0,0,0,0,0.1379,0.1379,0.0000,0.0000,0.0000,0.0000,0.0000,0.0000,0.0000,0.1025,0.1025,0,,,,,,,,,
2026-27,us-6749,rayo vallecano,DF,3,166,0,0,0.0000,0.0000,0.0000,0,0,0,0,0.3492,0.3492,0.0000,0.0000,0.0000,0.0000,0.0000,0.0000,0.0000,0.1893,0.1893,0,,,,,,,,,
2026-27,us-9815,rayo vallecano,DF,7,630,0,0,0.2106,0.2106,0.0892,3,2,4,0,1.1842,1.1262,0.0000,0.0000,0.0301,0.0301,0.0127,0.4286,0.2857,0.1692,0.1609,1,41.3000,42.3000,50.0000,50.0000,30.8000,46.2000,33.7000,28.8000,34.6000
2026-27,us-12863,rayo vallecano,MF,6,315,0,0,0.3801,0.3801,0.4007,12,10,0,0,1.2571,0.6921,0.0000,0.0000,0.1086,0.1086,0.1145,3.4286,2.8571,0.3592,0.1978,0,,,,,,,,,
2026-27,us-12864,rayo vallecano,DF,2,65,0,0,0.0000,0.0000,0.0000,0,0,0,0,0.0000,0.0000,0.0000,0.0000,0.0000,0.0000,0.0000,0.0000,0.0000,0.0000,0.0000,0,,,,,,,,,
2026-27,us-9813,rayo vallecano,FW,3,155,0,0,0.6639,0.6639,0.0000,3,0,0,0,0.6374,0.0929,0.0000,0.0000,0.3855,0.3855,0.0000,1.7419,0.0000,0.3701,0.0540,0,,,,,,,,,
2026-27,us-12257,rayo vallecano,FW,1,20,0,0,0.0000,0.0000,0.0000,0,0,0,0,0.0838,0.0838,0.0000,0.0000,0.0000,0.0000,0.0000,0.0000,0.0000,0.3771,0.3771,0,,,,,,,,,
2026-27,us-7528,rayo vallecano,FW,7,482,7,1,2.8269,2.8269,0.4708,19,8,2,0,3.3098,0.1356,1.3071,0.1867,0.5278,0.5278,0.0879,3.5477,1.4938,0.6180,0.0253,1,96.6000,63.8000,75.9000,79.3000,44.8000,82.8000,62.1000,62.1000,6.9000
2026-27,us-4091,rayo vallecano,MF,7,572,0,3,0.2244,0.2244,1.0783,5,16,2,0,2.9143,2.8436,0.0000,0.4720,0.0353,0.0353,0.1697,0.7867,2.5175,0.4585,0.4474,1,27.4000,98.4000,38.7000,38.7000,61.3000,32.3000,90.3000,58.1000,71.0000
2026-27,us-7071,rayo vallecano,FW,7,543,2,2,1.7091,1.7091,0.7791,11,3,1,0,3.4692,1.0872,0.3315,0.3315,0.2833,0.2833,0.1291,1.8232,0.4972,0.5750,0.1802,1,44.8000,79.3000,48.3000,51.7000,55.2000,20.7000,17.2000,55.2000,65.5000
2026-27,us-9811,rayo vallecano,MF,7,375,0,0,0.0000,0.0000,0.1582,0,2,1,0,1.8818,1.8646,0.0000,0.0000,0.0000,0.0000,0.0380,0.0000,0.4800,0.4516,0.4475,0,,,,,,,,,
2026-27,us-10095,betis,FW,4,245,1,0,1.0373,1.0373,0.8917,7,6,0,0,1.9530,0.3045,0.3673,0.0000,0.3810,0.3810,0.3276,2.5714,2.2041,0.7174,0.1119,0,,,,,,,,,
2026-27,us-11094,betis,FW,7,530,0,0,2.8046,2.8046,0.4669,32,8,0,0,4.7343,2.2197,0.0000,0.0000,0.4762,0.4762,0.0793,5.4340,1.3585,0.8039,0.3769,1,13.8000,27.6000,69.0000,72.4000,37.9000,93.1000,58.6000,72.4000,86.2000
2026-27,us-2446,betis,FW,3,61,0,0,0.0447,0.0447,0.0358,1,1,0,0,0.6822,0.6017,0.0000,0.0000,0.0660,0.0660,0.0528,1.4754,1.4754,1.0065,0.8877,0,,,,,,,,,
2026-27,us-2163,betis,DF,2,128,0,0,0.0000,0.0000,0.0000,0,0,0,0,0.0453,0.0453,0.0000,0.0000,0.0000,0.0000,0.0000,0.0000,0.0000,0.0318,0.0318,0,,,,,,,,,
2026-27,us-14741,betis,MF,7,419,0,0,0.1480,0.1480,0.0298,6,1,1,0,1.4350,1.3134,0.0000,0.0000,0.0318,0.0318,0.0064,1.2888,0.2148,0.3082,0.2821,0,,,,,,,,,
2026-27,us-9810,betis,DF,6,477,0,1,0.0000,0.0000,0.7043,0,6,1,0,2.2794,1.7151,0.0000,0.1887,0.0000,0.0000,0.1329,0.0000,1.1321,0.4301,0.3236,1,41.3000,92.3000,6.7000,6.7000,94.2000,6.7000,86.5000,78.8000,75.0000
2026-27,us-5681,betis,FW,1,2,0,0,0.0000,0.0000,0.0000,0,0,0,0,0.0000,0.0000,0.0000,0.0000,0.0000,0.0000,0.0000,0.0000,0.0000,0.0000,0.0000,0,,,,,,,,,
2026-27,us-492,betis,DF,7,506,0,0,0.4141,0.4141,0.8494,3,9,1,0,2.9316,1.9767,0.0000,0.0000,0.0737,0.0737,0.1511,0.5336,1.6008,0.5214,0.3516,1,41.3000,42.3000,76.9000,76.9000,96.2000,55.8000,94.2000,88.5000,78.8000
2026-27,us-2255,betis,MF,7,335,0,0,1.4005,1.4005,0.6026,11,14,0,0,3.6744,2.1624,0.0000,0.0000,0.3763,0.3763,0.1619,2.9552,3.7612,0.9871,0.5809,0,,,,,,,,,
2026-27,us-6954,betis,FW,7,451,2,1,2.1886,2.1886,1.0415,12,5,0,0,4.6757,1.4589,0.3991,0.1996,0.4368,0.4368,0.2078,2.3947,0.9978,0.9331,0.2911,1,58.6000,72.4000,65.5000,69.0000,72.4000,51.7000,44.8000,82.8000,75.9000
2026-27,us-6485,betis,DF,2,153,0,0,0.0000,0.0000,0.0978,0,1,1,0,0.2086,0.1109,0.0000,0.0000,0.0000,0.0000,0.0575,0.0000,0.5882,0.1227,0.0652,0,,,,,,,,,
2026-27,us-2453,betis,DF,5,333,1,0,0.2135,0.2135,0.0202,5,1,0,0,1.1560,1.0698,0.2703,0.0000,0.0577,0.0577,0.0055,1.3514,0.2703,0.3124,0.2891,0,,,,,,,,,
2026-27,us-5086,betis,MF,5,427,0,1,0.1372,0.1372,1.2590,3,4,1,0,1.8505,1.7167,0.0000,0.2108,0.0289,0.0289,0.2654,0.6323,0.8431,0.3900,0.3618,0,,,,,,,,,
2026-27,us-11890,betis,DF,6,540,1,0,0.6442,0.6442,0.1500,3,3,2,0,1.0784,1.0716,0.1667,0.0000,0.1074,0.1074,0.0250,0.5000,0.5000,0.1797,0.1786,1,93.3000,42.3000,88.5000,88.5000,50.0000,53.8000,63.5000,30.8000,40.4000
2026-27,us-14001,betis,MF,7,306,0,1,0.6245,0.6245,0.7262,14,5,0,0,2.3413,1.1034,0.0000,0.2941,0.1837,0.1837,0.2136,4.1176,1.4706,0.6886,0.3245,0,,,,,,,,,
2026-27,us-2335,betis,MF,6,462,0,0,0.5557,0.5557,0.4547,9,12,0,0,2.0823,1.4508,0.0000,0.0000,0.1083,0.1083,0.0886,1.7532,2.3377,0.4056,0.2826,1,27.4000,29.0000,58.1000,64.5000,51.6000,74.2000,80.6000,48.4000,51.6000
2026-27,us-8002,betis,MF,7,310,2,0,1.0863,1.0863,0.6335,7,6,0,0,2.1123,1.1100,0.5806,0.0000,0.3154,0.3154,0.1839,2.0323,1.7419,0.6132,0.3223,0,,,,,,,,,
2026-27,us-8145,betis,FW,4,169,1,1,1.5001,1.5001,0.6018,5,4,0,0,1.7834,0.3699,0.5325,0.5325,0.7988,0.7988,0.3205,2.6627,2.1302,0.9498,0.1970,0,,,,,,,,,
2026-27,us-13845,betis,DF,3,259,0,0,0.0000,0.0000,0.3271,0,2,1,0,0.8514,0.8359,0.0000,0.0000,0.0000,0.0000,0.1136,0.0000,0.6950,0.2959,0.2905,0,,,,,,,,,
2026-27,us-14440,betis,FW,2,25,0,0,0.0000,0.0000,0.0000,0,0,0,0,0.0000,0.0000,0.0000,0.0000,0.0000,0.0000,0.0000,0.0000,0.0000,0.0000,0.0000,0,,,,,,,,,
2026-27,us-11740,betis,GK,7,630,0,0,0.0000,0.0000,0.1277,0,1,0,0,1.6406,1.5129,0.0000,0.0000,0.0000,0.0000,0.0182,0.0000,0.1429,0.2344,0.2161,1,52.8000,50.0000,52.8000,52.8000,88.9000,52.8000,86.1000,83.3000,77.8000
2026-27,us-13374,betis,DF,2,124,0,0,0.0077,0.0077,0.0818,1,3,1,0,0.2523,0.1834,0.0000,0.0000,0.0056,0.0056,0.0593,0.7258,2.1774,0.1831,0.1331,0,,,,,,,,,
2026-27,us-1822,madrid,DF,3,214,1,0,0.1455,0.1455,0.1396,3,1,0,0,1.3045,1.1649,0.4206,0.0000,0.0612,0.0612,0.0587,1.2617,0.4206,0.5486,0.4899,0,,,,,,,,,
2026-27,us-12190,madrid,MF,7,359,1,2,1.9163,1.9163,3.9579,11,28,1,0,5.8265,2.2463,0.2507,0.5014,0.4804,0.4804,0.9922,2.7577,7.0195,1.4607,0.5631,0,,,,,,,,,
2026-27,us-6560,madrid,MF,3,179,0,0,0.0832,0.0832,0.2511,3,3,0,0,1.3245,1.1291,0.0000,0.0000,0.0418,0.0418,0.1263,1.5084,1.5084,0.6660,0.5677,0,,,,,,,,,
2026-27,us-3635,madrid,MF,6,279,0,1,0.1401,0.1401,0.2288,1,5,0,0,1.7381,1.6749,0.0000,0.3226,0.0452,0.0452,0.0738,0.3226,1.6129,0.5607,0.5403,0,,,,,,,,,
2026-27,us-6421,madrid,MF,3,98,0,0,0.1396,0.1396,0.2036,1,3,0,0,1.0739,0.7308,0.0000,0.0000,0.1282,0.1282,0.1869,0.9184,2.7551,0.9862,0.6711,0,,,,,,,,,
2026-27,us-13769,madrid,FW,4,12,2,0,1.3819,1.3819,0.0785,4,1,0,0,1.4785,0.1208,15.0000,0.0000,10.3644,10.3644,0.5888,30.0000,7.5000,11.0884,0.9058,0,,,,,,,,,
2026-27,us-11943,madrid,DF,6,504,0,0,0.5117,0.5117,0.1874,6,2,0,1,4.6395,4.4427,0.0000,0.0000,0.0914,0.0914,0.0335,1.0714,0.3571,0.8285,0.7933,1,41.3000,42.3000,82.7000,82.7000,53.8000,82.7000,53.8000,98.1000,98.1000
2026-27,us-9840,madrid,DF,6,424,0,0,0.6267,0.6267,0.2062,6,4,1,0,2.7186,2.3994,0.0000,0.0000,0.1330,0.1330,0.0438,1.2736,0.8491,0.5771,0.5093,0,,,,,,,,,
2026-27,us-7359,madrid,MF,6,235,0,0,0.0000,0.0000,0.0000,0,0,2,0,3.3578,3.3578,0.0000,0.0000,0.0000,0.0000,0.0000,0.0000,0.0000,1.2860,1.2860,0,,,,,,,,,
2026-27,us-12884,madrid,FW,1,2,0,0,0.1208,0.1208,0.0000,1,0,0,0,0.1208,0.0000,0.0000,0.0000,5.4348,5.4348,0.0000,45.0000,0.0000,5.4348,0.0000,0,,,,,,,,,
2026-27,us-6241,madrid,MF,7,577,0,1,0.2613,0.2613,0.3468,6,5,0,0,4.0614,3.7828,0.0000,0.1560,0.0408,0.0408,0.0541,0.9359,0.7799,0.6335,0.5900,1,27.4000,64.5000,41.9000,41.9000,38.7000,41.9000,41.9000,77.4000,90.3000
2026-27,us-6326,madrid,DF,6,540,0,0,0.2997,0.2997,0.1898,4,2,3,0,4.4462,4.1134,0.0000,0.0000,0.0499,0.0499,0.0316,0.6667,0.3333,0.7410,0.6856,1,41.3000,42.3000,61.5000,61.5000,51.9000,71.2000,46.2000,94.2000,94.2000
2026-27,us-8824,madrid,MF,7,537,3,2,1.5895,1.5895,2.8062,16,16,1,0,5.6520,3.0880,0.5028,0.3352,0.2664,0.2664,0.4703,2.6816,2.6816,0.9473,0.5175,1,93.5000,87.1000,90.3000,90.3000,100.0000,87.1000,100.0000,87.1000,87.1000
2026-27,us-3423,madrid,FW,7,630,7,2,8.3467,6.8601,1.8088,41,11,0,0,8.5577,2.7631,1.0000,0.2857,1.1924,0.9800,0.2584,5.8571,1.5714,1.2225,0.3947,1,89.7000,75.9000,96.6000,96.6000,79.3000,100.0000,72.4000,89.7000,89.7000
2026-27,us-7134,madrid,DF,7,426,0,0,0.0000,0.0000,0.1656,0,2,0,0,3.2762,3.2762,0.0000,0.0000,0.0000,0.0000,0.0350,0.0000,0.4225,0.6921,0.6921,0,,,,,,,,,
2026-27,us-680,madrid,GK,7,630,0,0,0.0000,0.0000,0.0000,0,0,0,0,1.6077,1.6077,0.0000,0.0000,0.0000,0.0000,0.0000,0.0000,0.0000,0.2297,0.2297,1,52.8000,50.0000,52.8000,52.8000,38.9000,52.8000,38.9000,77.8000,83.3000
2026-27,us-1791,madrid,DF,4,206,0,1,0.1819,0.1819,0.6990,3,6,0,0,2.0722,2.0551,0.0000,0.4369,0.0795,0.0795,0.3054,1.3107,2.6214,0.9053,0.8979,0,,,,,,,,,
2026-27,us-7008,madrid,MF,7,572,1,3,3.5653,3.5653,2.4926,22,13,2,0,7.1987,2.2651,0.1573,0.4720,0.5610,0.5610,0.3922,3.4615,2.0455,1.1327,0.3564,1,61.3000,98.4000,100.0000,100.0000,90.3000,100.0000,67.7000,90.3000,61.3000
2026-27,us-13561,madrid,MF,7,268,0,1,0.3829,0.3829,0.6670,3,7,1,0,2.4237,1.5403,0.0000,0.3358,0.1286,0.1286,0.2240,1.0075,2.3507,0.8139,0.5173,0,,,,,,,,,
2026-27,us-10576,madrid,DF,4,206,1,0,0.4673,0.4673,0.3695,1,5,1,0,1.6322,1.0217,0.4369,0.0000,0.2042,0.2042,0.1614,0.4369,2.1845,0.7131,0.4464,0,,,,,,,,,
2026-27,us-7306,sociedad,FW,2,36,0,0,0.0000,0.0000,0.0000,0,0,0,0,0.0179,0.0179,0.0000,0.0000,0.0000,0.0000,0.0000,0.0000,0.0000,0.0447,0.0447,0,,,,,,,,,
2026-27,us-13483,sociedad,FW,4,94,0,0,0.1639,0.1639,0.6377,3,2,0,0,0.7653,0.0216,0.0000,0.0000,0.1569,0.1569,0.6106,2.8723,1.9149,0.7328,0.0207,0,,,,,,,,,
2026-27,us-7308,sociedad,MF,6,321,2,0,0.4169,0.4169,0.0379,8,1,0,0,0.6035,0.2132,0.5607,0.0000,0.1169,0.1169,0.0106,2.2430,0.2804,0.1692,0.0598,0,,,,,,,,,
2026-27,us-8760,sociedad,FW,3,8,0,0,0.0000,0.0000,0.0000,0,0,0,0,0.0000,0.0000,0.0000,0.0000,0.0000,0.0000,0.0000,0.0000,0.0000,0.0000,0.0000,0,,,,,,,,,
2026-27,us-9465,sociedad,MF,4,260,0,0,0.1278,0.1278,0.1595,4,4,1,0,1.0136,0.8184,0.0000,0.0000,0.0442,0.0442,0.0552,1.3846,1.3846,0.3509,0.2833,0,,,,,,,,,
2026-27,us-2478,sociedad,MF,7,461,1,2,1.0163,0.2731,0.9237,5,11,0,0,1.1932,0.4597,0.1952,0.3905,0.1984,0.0533,0.1803,0.9761,2.1475,0.2329,0.0897,1,83.9000,90.3000,77.4000,54.8000,67.7000,45.2000,74.2000,25.8000,12.9000
2026-27,us-5682,sociedad,MF,6,264,0,0,0.8368,0.8368,0.3625,11,5,0,0,1.1743,0.4430,0.0000,0.0000,0.2853,0.2853,0.1236,3.7500,1.7045,0.4003,0.1510,0,,,,,,,,,
2026-27,us-12171,sociedad,FW,1,6,0,0,0.0000,0.0000,0.0000,0,0,0,0,0.1322,0.1322,0.0000,0.0000,0.0000,0.0000,0.0000,0.0000,0.0000,1.9823,1.9823,0,,,,,,,,,
2026-27,us-2417,sociedad,DF,5,391,0,0,0.0000,0.0000,0.0980,0,2,2,0,0.4959,0.4959,0.0000,0.0000,0.0000,0.0000,0.0226,0.0000,0.4604,0.1142,0.1142,0,,,,,,,,,
2026-27,us-14364,sociedad,MF,4,238,1,3,0.6299,0.6299,0.3137,9,4,0,0,0.7365,0.0000,0.3782,1.1345,0.2382,0.2382,0.1186,3.4034,1.5126,0.2785,0.0000,0,,,,,,,,,
2026-27,us-12182,sociedad,DF,7,599,0,0,0.0613,0.0613,0.1019,4,4,3,0,1.0362,0.9371,0.0000,0.0000,0.0092,0.0092,0.0153,0.6010,0.6010,0.1557,0.1408,1,41.3000,42.3000,28.8000,28.8000,36.5000,67.3000,73.1000,23.1000,30.8000
2026-27,us-13936,sociedad,MF,5,127,0,0,0.0000,0.0000,0.0000,0,0,0,0,0.1134,0.1134,0.0000,0.0000,0.0000,0.0000,0.0000,0.0000,0.0000,0.0803,0.0803,0,,,,,,,,,
2026-27,us-12353,sociedad,DF,6,456,0,0,0.1677,0.1677,0.0651,3,1,0,1,0.3305,0.3305,0.0000,0.0000,0.0331,0.0331,0.0129,0.5921,0.1974,0.0652,0.0652,1,41.3000,42.3000,53.8000,53.8000,32.7000,65.4000,30.8000,1.9000,5.8000
2026-27,us-8423,sociedad,FW,1,17,0,0,0.0000,0.0000,0.0000,0,0,0,0,0.0000,0.0000,0.0000,0.0000,0.0000,0.0000,0.0000,0.0000,0.0000,0.0000,0.0000,0,,,,,,,,,
2026-27,us-12862,sociedad,FW,7,554,3,0,1.0446,1.0446,0.8198,15,8,2,0,1.7020,0.4265,0.4874,0.0000,0.1697,0.1697,0.1332,2.4368,1.2996,0.2765,0.0693,1,62.1000,27.6000,24.1000,24.1000,58.6000,58.6000,55.2000,20.7000,24.1000
2026-27,us-13482,sociedad,DF,3,270,0,0,0.1842,0.1842,0.4375,3,3,1,0,0.2147,0.1663,0.0000,0.0000,0.0614,0.0614,0.1458,1.0000,1.0000,0.0716,0.0554,0,,,,,,,,,
2026-27,us-11253,sociedad,DF,2,151,0,0,0.0000,0.0000,0.0000,0,0,0,0,0.0898,0.0898,0.0000,0.0000,0.0000,0.0000,0.0000,0.0000,0.0000,0.0535,0.0535,0,,,,,,,,,
2026-27,us-2234,sociedad,FW,7,484,0,2,1.3718,1.3718,1.0929,11,10,1,0,2.8203,0.8251,0.0000,0.3719,0.2551,0.2551,0.2032,2.0455,1.8595,0.5244,0.1534,1,13.8000,82.8000,34.5000,37.9000,69.0000,34.5000,75.9000,51.7000,58.6000
2026-27,us-13048,sociedad,FW,6,312,1,0,2.7403,2.7403,0.0999,8,2,0,1,2.9256,0.0855,0.2885,0.0000,0.7905,0.7905,0.0288,2.3077,0.5769,0.8439,0.0247,0,,,,,,,,,
2026-27,us-2555,sociedad,GK,6,540,0,0,0.0000,0.0000,0.0000,0,0,0,0,0.7771,0.7771,0.0000,0.0000,0.0000,0.0000,0.0000,0.0000,0.0000,0.1295,0.1295,1,52.8000,50.0000,52.8000,52.8000,38.9000,52.8000,38.9000,38.9000,38.9000
2026-27,us-6656,sociedad,DF,7,594,0,0,0.1800,0.1800,0.4559,4,8,1,0,1.4016,1.1802,0.0000,0.0000,0.0273,0.0273,0.0691,0.6061,1.2121,0.2124,0.1788,1,41.3000,42.3000,48.1000,48.1000,69.2000,69.2000,88.5000,50.0000,44.2000
2026-27,us-8001,sociedad,MF,5,227,0,0,0.6456,0.6456,0.1337,2,3,0,0,0.8808,0.1204,0.0000,0.0000,0.2560,0.2560,0.0530,0.7930,1.1894,0.3492,0.0478,0,,,,,,,,,
2026-27,us-9198,sociedad,GK,1,90,0,0,0.0000,0.0000,0.0000,0,0,0,0,0.0905,0.0905,0.0000,0.0000,0.0000,0.0000,0.0000,0.0000,0.0000,0.0905,0.0905,0,,,,,,,,,
2026-27,us-7350,sociedad,MF,7,409,1,0,0.2199,0.2199,0.2126,4,1,3,0,1.5265,1.1290,0.2200,0.0000,0.0484,0.0484,0.0468,0.8802,0.2200,0.3359,0.2484,0,,,,,,,,,
2026-27,us-9241,sevilla,FW,2,11,0,0,0.0324,0.0324,0.0201,1,1,0,0,0.0324,0.0000,0.0000,0.0000,0.2653,0.2653,0.1646,8.1818,8.1818,0.2653,0.0000,0,,,,,,,,,
2026-27,us-13600,sevilla,DF,6,479,0,0,0.5589,0.5589,0.1312,2,3,0,0,0.3756,0.3563,0.0000,0.0000,0.1050,0.1050,0.0247,0.3758,0.5637,0.0706,0.0669,1,41.3000,42.3000,86.5000,86.5000,48.1000,43.3000,69.2000,3.8000,7.7000
2026-27,us-11788,sevilla,DF,4,290,0,0,0.0000,0.0000,0.0270,0,1,0,1,0.2383,0.2113,0.0000,0.0000,0.0000,0.0000,0.0084,0.0000,0.3103,0.0740,0.0656,0,,,,,,,,,
2026-27,us-8694,sevilla,FW,6,186,1,0,0.3208,0.3208,0.0698,2,1,1,0,0.4587,0.0681,0.4839,0.0000,0.1552,0.1552,0.0338,0.9677,0.4839,0.2220,0.0329,0,,,,,,,,,
2026-27,us-9444,sevilla,MF,3,233,0,1,0.1268,0.1268,0.7300,2,4,0,0,0.7618,0.1023,0.0000,0.3863,0.0490,0.0490,0.2820,0.7725,1.5451,0.2942,0.0395,0,,,,,,,,,
2026-27,us-11343,sevilla,DF,7,630,0,0,0.0123,0.0123,0.3059,1,9,2,0,0.9752,0.8723,0.0000,0.0000,0.0018,0.0018,0.0437,0.1429,1.2857,0.1393,0.1246,1,41.3000,42.3000,13.5000,13.5000,63.5000,13.5000,90.4000,13.5000,17.3000
2026-27,us-8425,sevilla,MF,5,178,0,1,0.1458,0.1458,0.3796,4,1,1,0,0.1805,0.0548,0.0000,0.5056,0.0737,0.0737,0.1920,2.0225,0.5056,0.0913,0.0277,0,,,,,,,,,
2026-27,us-12305,sevilla,FW,6,209,1,1,0.3056,0.3056,0.3551,5,3,4,0,0.5964,0.0000,0.4306,0.4306,0.1316,0.1316,0.1529,2.1531,1.2919,0.2568,0.0000,0,,,,,,,,,
2026-27,us-5179,sevilla,MF,7,359,1,0,0.8508,0.1075,0.2760,4,3,3,0,0.4337,0.1105,0.2507,0.0000,0.2133,0.0270,0.0692,1.0028,0.7521,0.1087,0.0277,0,,,,,,,,,
2026-27,us-9809,sevilla,FW,3,55,0,0,0.0466,0.0466,0.0165,1,1,0,0,0.0000,0.0000,0.0000,0.0000,0.0763,0.0763,0.0270,1.6364,1.6364,0.0000,0.0000,0,,,,,,,,,
2026-27,us-9218,sevilla,DF,7,630,1,0,0.4404,0.4404,0.2447,4,4,1,0,0.9771,0.6999,0.1429,0.0000,0.0629,0.0629,0.0350,0.5714,0.5714,0.1396,0.1000,1,82.7000,42.3000,67.3000,67.3000,55.8000,59.6000,71.2000,15.4000,11.5000
2026-27,us-14323,sevilla,MF,4,80,0,0,0.0000,0.0000,0.3430,0,2,0,0,0.4743,0.1313,0.0000,0.0000,0.0000,0.0000,0.3859,0.0000,2.2500,0.5335,0.1477,0,,,,,,,,,
2026-27,us-10334,sevilla,DF,5,450,0,0,0.2369,0.2369,0.1162,6,2,1,1,0.4947,0.3241,0.0000,0.0000,0.0474,0.0474,0.0232,1.2000,0.4000,0.0989,0.0648,1,41.3000,42.3000,59.6000,59.6000,46.2000,90.4000,57.7000,7.7000,3.8000
2026-27,us-13057,sevilla,FW,3,200,1,0,0.8665,0.8665,0.0600,7,2,0,0,0.9394,0.0718,0.4500,0.0000,0.3899,0.3899,0.0270,3.1500,0.9000,0.4227,0.0323,0,,,,,,,,,
2026-27,us-8165,sevilla,MF,7,630,0,0,0.1338,0.1338,0.4035,5,2,2,0,1.4912,0.9832,0.0000,0.0000,0.0191,0.0191,0.0576,0.7143,0.2857,0.2130,0.1405,1,27.4000,29.0000,16.1000,16.1000,41.9000,29.0000,16.1000,19.4000,25.8000
2026-27,us-11266,sevilla,FW,2,21,0,0,0.0000,0.0000,0.0216,0,1,0,0,0.0216,0.0000,0.0000,0.0000,0.0000,0.0000,0.0925,0.0000,4.2857,0.0925,0.0000,0,,,,,,,,,
2026-27,us-13823,sevilla,FW,7,523,2,0,0.4054,0.4054,0.2845,10,7,2,0,1.3923,0.8036,0.3442,0.0000,0.0698,0.0698,0.0490,1.7208,1.2046,0.2396,0.1383,1,48.3000,27.6000,6.9000,6.9000,20.7000,17.2000,51.7000,13.8000,51.7000
2026-27,us-14607,sevilla,MF,2,92,0,0,0.0341,0.0341,0.0000,1,0,1,0,0.0341,0.0000,0.0000,0.0000,0.0333,0.0333,0.0000,0.9783,0.0000,0.0333,0.0000,0,,,,,,,,,
2026-27,us-375,sevilla,GK,7,630,0,0,0.0000,0.0000,0.0000,0,0,0,0,0.0396,0.0396,0.0000,0.0000,0.0000,0.0000,0.0000,0.0000,0.0000,0.0057,0.0057,1,52.8000,50.0000,52.8000,52.8000,38.9000,52.8000,38.9000,5.6000,5.6000
2026-27,us-13615,sevilla,MF,2,164,1,1,0.4707,0.4707,0.1354,4,1,0,0,0.8697,0.3356,0.5488,0.5488,0.2583,0.2583,0.0743,2.1951,0.5488,0.4773,0.1842,0,,,,,,,,,
2026-27,us-12742,sevilla,MF,3,162,1,0,1.0858,0.3425,0.1196,6,3,1,0,0.9295,0.4673,0.5556,0.0000,0.6032,0.1903,0.0665,3.3333,1.6667,0.5164,0.2596,0,,,,,,,,,
2026-27,us-14683,sevilla,FW,7,386,0,1,0.6076,0.6076,0.2457,7,4,1,0,0.9811,0.1277,0.0000,0.2332,0.1417,0.1417,0.0573,1.6321,0.9326,0.2287,0.0298,0,,,,,,,,,
2026-27,us-7810,sevilla,FW,1,15,0,0,0.0908,0.0908,0.0000,1,0,0,0,0.0908,0.0000,0.0000,0.0000,0.5449,0.5449,0.0000,6.0000,0.0000,0.5449,0.0000,0,,,,,,,,,
2026-27,us-6945,sevilla,MF,4,285,1,0,0.6651,0.6651,0.0382,5,1,0,0,1.0766,0.9443,0.3158,0.0000,0.2100,0.2100,0.0121,1.5789,0.3158,0.3400,0.2982,0,,,,,,,,,
2026-27,us-14452,valencia,MF,2,180,1,0,0.0675,0.0675,0.0317,2,1,1,0,0.4008,0.3733,0.5000,0.0000,0.0337,0.0337,0.0158,1.0000,0.5000,0.2004,0.1867,0,,,,,,,,,
2026-27,us-13763,valencia,FW,1,7,0,0,0.4739,0.4739,0.0000,1,0,0,0,0.4739,0.0000,0.0000,0.0000,6.0930,6.0930,0.0000,12.8571,0.0000,6.0930,0.0000,0,,,,,,,,,
2026-27,us-14802,valencia,MF,5,220,0,0,0.0000,0.0000,0.0246,0,1,0,0,0.0610,0.0610,0.0000,0.0000,0.0000,0.0000,0.0101,0.0000,0.4091,0.0249,0.0249,0,,,,,,,,,
2026-27,us-10949,valencia,DF,4,249,0,0,0.0246,0.0246,0.0000,1,0,1,0,0.0246,0.0000,0.0000,0.0000,0.0089,0.0089,0.0000,0.3614,0.0000,0.0089,0.0000,0,,,,,,,,,
2026-27,us-8066,valencia,FW,7,531,0,0,1.0613,1.0613,0.3617,15,7,0,0,1.8371,0.6169,0.0000,0.0000,0.1799,0.1799,0.0613,2.5424,1.1864,0.3114,0.1046,1,13.8000,27.6000,27.6000,31.0000,31.0000,62.1000,48.3000,27.6000,37.9000
2026-27,us-10107,valencia,DF,5,322,0,0,0.1900,0.1900,0.0000,3,0,0,0,0.5317,0.5182,0.0000,0.0000,0.0531,0.0531,0.0000,0.8385,0.0000,0.1486,0.1448,0,,,,,,,,,
2026-27,us-12297,valencia,MF,6,262,0,0,0.3054,0.3054,0.3706,4,4,0,0,1.1980,0.6230,0.0000,0.0000,0.1049,0.1049,0.1273,1.3740,1.3740,0.4115,0.2140,0,,,,,,,,,
2026-27,us-13761,valencia,MF,7,510,0,0,0.2796,0.2796,0.2063,6,4,0,0,1.0367,0.6624,0.0000,0.0000,0.0493,0.0493,0.0364,1.0588,0.7059,0.1829,0.1169,1,27.4000,29.0000,51.6000,51.6000,32.3000,58.1000,35.5000,9.7000,16.1000
2026-27,us-8267,valencia,MF,4,322,0,0,0.0624,0.0624,0.0179,2,1,1,0,0.4072,0.3774,0.0000,0.0000,0.0174,0.0174,0.0050,0.5590,0.2795,0.1138,0.1055,0,,,,,,,,,
2026-27,us-7546,valencia,FW,3,71,0,0,0.0719,0.0719,0.1650,1,2,0,0,0.2517,0.0711,0.0000,0.0000,0.0912,0.0912,0.2091,1.2676,2.5352,0.3190,0.0901,0,,,,,,,,,
2026-27,us-6637,valencia,FW,7,246,0,1,0.3577,0.3577,0.1414,5,3,0,0,0.3436,0.0265,0.0000,0.3659,0.1309,0.1309,0.0517,1.8293,1.0976,0.1257,0.0097,0,,,,,,,,,
2026-27,us-13002,valencia,FW,3,94,0,0,0.0000,0.0000,0.0000,0,0,0,0,0.0776,0.0776,0.0000,0.0000,0.0000,0.0000,0.0000,0.0000,0.0000,0.0743,0.0743,0,,,,,,,,,
2026-27,us-10322,valencia,FW,7,581,0,1,0.5161,0.5161,1.0939,11,6,1,0,1.6641,0.6840,0.0000,0.1549,0.0799,0.0799,0.1694,1.7040,0.9294,0.2578,0.1060,1,13.8000,55.2000,10.3000,10.3000,62.1000,10.3000,34.5000,17.2000,44.8000
2026-27,us-9217,valencia,DF,7,345,0,0,0.0768,0.0768,0.0698,2,1,0,0,0.4441,0.2974,0.0000,0.0000,0.0200,0.0200,0.0182,0.5217,0.2609,0.1158,0.0776,0,,,,,,,,,
2026-27,us-2505,valencia,DF,5,363,0,0,0.0330,0.0330,0.0578,1,2,1,0,0.7647,0.6739,0.0000,0.0000,0.0082,0.0082,0.0143,0.2479,0.4959,0.1896,0.1671,0,,,,,,,,,
2026-27,us-14800,valencia,DF,3,223,0,0,0.0231,0.0231,0.1538,1,2,2,0,1.4040,1.2272,0.0000,0.0000,0.0093,0.0093,0.0621,0.4036,0.8072,0.5666,0.4953,0,,,,,,,,,
2026-27,us-7870,valencia,DF,4,114,1,0,0.4375,0.4375,0.6162,3,3,0,0,0.9200,0.0000,0.7895,0.0000,0.3454,0.3454,0.4865,2.3684,2.3684,0.7263,0.0000,0,,,,,,,,,
2026-27,us-5666,valencia,DF,4,290,0,0,0.1739,0.1739,0.0000,2,0,2,0,0.1326,0.1326,0.0000,0.0000,0.0540,0.0540,0.0000,0.6207,0.0000,0.0412,0.0412,0,,,,,,,,,
2026-27,us-1003,valencia,DF,6,334,0,0,0.0534,0.0534,0.1464,2,2,1,0,0.8406,0.7207,0.0000,0.0000,0.0144,0.0144,0.0394,0.5389,0.5389,0.2265,0.1942,0,,,,,,,,,
2026-27,us-2551,valencia,DF,7,580,0,0,0.1039,0.1039,0.1086,2,2,1,0,0.8587,0.8587,0.0000,0.0000,0.0161,0.0161,0.0168,0.3103,0.3103,0.1332,0.1332,1,41.3000,42.3000,32.7000,32.7000,40.4000,30.8000,38.5000,9.6000,23.1000
2026-27,us-5199,valencia,FW,1,5,0,0,0.0180,0.0180,0.0135,1,1,0,0,0.1144,0.1009,0.0000,0.0000,0.3245,0.3245,0.2423,18.0000,18.0000,2.0590,1.8167,0,,,,,,,,,
2026-27,us-14801,valencia,MF,5,302,0,0,0.3422,0.3422,0.0450,5,1,2,0,0.4836,0.0965,0.0000,0.0000,0.1020,0.1020,0.0134,1.4901,0.2980,0.1441,0.0287,0,,,,,,,,,
2026-27,us-2619,valencia,GK,7,630,0,0,0.0000,0.0000,0.0412,0,1,1,0,1.0315,0.9903,0.0000,0.0000,0.0000,0.0000,0.0059,0.0000,0.1429,0.1474,0.1415,1,52.8000,50.0000,52.8000,52.8000,83.3000,52.8000,86.1000,50.0000,50.0000
2026-27,us-1450,valencia,FW,3,151,1,0,1.0633,1.0633,0.0641,3,1,0,0,1.0742,0.0179,0.5960,0.0000,0.6338,0.6338,0.0382,1.7881,0.5960,0.6402,0.0107,0,,,,,,,,,
2026-27,us-12160,villarreal,FW,8,488,2,3,2.1894,2.1894,2.7430,12,16,0,0,8.6169,4.5984,0.3689,0.5533,0.4038,0.4038,0.5059,2.2131,2.9508,1.5892,0.8481,1,51.7000,89.7000,58.6000,62.1000,96.6000,41.4000,93.1000,93.1000,100.0000
2026-27,us-14396,villarreal,DF,6,308,0,0,0.1451,0.1451,0.1153,3,4,0,0,4.0200,3.8103,0.0000,0.0000,0.0424,0.0424,0.0337,0.8766,1.1688,1.1747,1.1134,0,,,,,,,,,
2026-27,us-770,villarreal,FW,8,430,1,3,4.3800,4.3800,1.0601,16,7,0,0,6.1816,1.5396,0.2093,0.6279,0.9167,0.9167,0.2219,3.3488,1.4651,1.2938,0.3222,0,,,,,,,,,
2026-27,us-14221,villarreal,FW,4,40,0,0,0.0000,0.0000,0.0000,0,0,0,0,0.6802,0.6802,0.0000,0.0000,0.0000,0.0000,0.0000,0.0000,0.0000,1.5305,1.5305,0,,,,,,,,,
2026-27,us-11402,villarreal,DF,5,382,0,0,0.3474,0.3474,0.0703,4,2,1,0,2.7149,2.3675,0.0000,0.0000,0.0818,0.0818,0.0166,0.9424,0.4712,0.6396,0.5578,0,,,,,,,,,
2026-27,us-8187,villarreal,FW,8,442,2,1,3.9521,3.2088,1.1898,21,7,0,0,5.1530,1.3500,0.4072,0.2036,0.8047,0.6534,0.2423,4.2760,1.4253,1.0493,0.2749,0,,,,,,,,,
2026-27,us-2120,villarreal,FW,7,368,2,0,2.7291,1.9859,1.7528,9,10,0,0,3.5340,2.4383,0.4891,0.0000,0.6675,0.4857,0.4287,2.2011,2.4457,0.8643,0.5963,0,,,,,,,,,
2026-27,us-10121,villarreal,MF,7,179,0,2,0.1063,0.1063,1.7601,4,4,1,0,3.0899,1.2471,0.0000,1.0056,0.0534,0.0534,0.8850,2.0112,2.0112,1.5536,0.6270,0,,,,,,,,,
2026-27,us-6306,villarreal,DF,3,270,0,0,0.1418,0.1418,0.4167,4,1,2,0,1.8239,1.7714,0.0000,0.0000,0.0473,0.0473,0.1389,1.3333,0.3333,0.6080,0.5905,0,,,,,,,,,
2026-27,us-8200,villarreal,DF,1,85,0,0,0.0886,0.0886,0.0000,1,0,0,0,0.0000,0.0000,0.0000,0.0000,0.0938,0.0938,0.0000,1.0588,0.0000,0.0000,0.0000,0,,,,,,,,,
2026-27,us-12917,villarreal,GK,4,360,0,0,0.0000,0.0000,0.0000,0,0,0,0,1.0168,1.0168,0.0000,0.0000,0.0000,0.0000,0.0000,0.0000,0.0000,0.2542,0.2542,0,,,,,,,,,
2026-27,us-14936,villarreal,MF,5,387,0,0,0.3008,0.3008,0.1902,5,2,0,0,3.1749,2.9523,0.0000,0.0000,0.0699,0.0699,0.0442,1.1628,0.4651,0.7384,0.6866,0,,,,,,,,,
2026-27,us-5656,villarreal,MF,7,526,3,0,1.1930,1.1930,0.9693,19,12,1,0,3.4597,1.9126,0.5133,0.0000,0.2041,0.2041,0.1659,3.2510,2.0532,0.5920,0.3272,1,96.8000,29.0000,83.9000,83.9000,58.1000,96.8000,71.0000,74.2000,58.1000
2026-27,us-8696,villarreal,MF,8,599,3,0,1.3352,0.5919,0.3975,7,9,1,0,8.4725,7.6354,0.4508,0.0000,0.2006,0.0889,0.0597,1.0518,1.3523,1.2730,1.1472,1,90.3000,29.0000,80.6000,58.1000,45.2000,54.8000,54.8000,96.8000,100.0000
2026-27,us-12914,villarreal,DF,3,262,0,0,0.0000,0.0000,0.0000,0,0,0,0,2.9913,2.9913,0.0000,0.0000,0.0000,0.0000,0.0000,0.0000,0.0000,1.0275,1.0275,0,,,,,,,,,
2026-27,us-5241,villarreal,GK,3,270,0,0,0.0000,0.0000,0.0000,0,0,0,0,0.8168,0.8168,0.0000,0.0000,0.0000,0.0000,0.0000,0.0000,0.0000,0.2723,0.2723,0,,,,,,,,,
2026-27,us-11383,villarreal,DF,8,720,0,1,0.5342,0.5342,0.6471,3,3,2,0,5.3082,5.2018,0.0000,0.1250,0.0668,0.0668,0.0809,0.3750,0.3750,0.6635,0.6502,1,41.3000,84.6000,71.2000,71.2000,73.1000,40.4000,55.8000,90.4000,92.3000
2026-27,us-7070,villarreal,MF,7,393,0,0,0.5895,0.5895,0.1421,1,6,2,0,2.4630,1.8060,0.0000,0.0000,0.1350,0.1350,0.0325,0.2290,1.3740,0.5640,0.4136,0,,,,,,,,,
2026-27,us-13003,villarreal,DF,6,336,0,0,0.2708,0.2708,0.7869,2,3,2,0,3.1260,2.8976,0.0000,0.0000,0.0725,0.0725,0.2108,0.5357,0.8036,0.8373,0.7761,0,,,,,,,,,
2026-27,us-11744,villarreal,DF,4,360,0,0,0.0835,0.0835,0.5371,3,1,0,0,3.0379,2.4369,0.0000,0.0000,0.0209,0.0209,0.1343,0.7500,0.2500,0.7595,0.6092,0,,,,,,,,,
2026-27,us-12322,villarreal,MF,8,398,0,0,1.2667,1.2667,0.8707,11,9,3,0,4.0067,2.4017,0.0000,0.0000,0.2864,0.2864,0.1969,2.4874,2.0352,0.9060,0.5431,0,,,,,,,,,
2026-27,us-13996,villarreal,FW,5,54,0,0,0.0426,0.0426,0.1456,1,2,0,0,0.1143,0.0315,0.0000,0.0000,0.0710,0.0710,0.2427,1.6667,3.3333,0.1904,0.0526,0,,,,,,,,,
