equipo_id,temporada,pj,victorias,empates,derrotas,goles_favor,goles_contra,puntos,xg_favor,xg_contra,tiros,tiros_contra,ppda_medio,diferencia_goles,xg_diferencia,puntos_por_partido,posicion,forma_ultimos5,puntos_esperados_mercado,puntos_sobre_esperado,valor_plantilla_eur,jugadores_usados,jugadores_con_valor
barcelona,2026-27,7,7,0,0,31,7,21.0000,29.4017,7.8002,150,51,7.0563,24,21.6015,3.0000,1,VVVVV,17.3757,3.6243,1147800000.0000,23,22
atletico madrid,2026-27,7,5,1,1,16,7,16.0000,13.6953,8.4703,119,68,10.7034,9,5.2250,2.2857,2,VDVVV,12.0321,3.9679,614500000.0000,23,19
betis,2026-27,7,5,1,1,9,7,16.0000,13.1531,12.7890,122,110,13.4089,2,0.3640,2.2857,3,DVVVE,9.8602,6.1398,245800000.0000,22,22
madrid,2026-27,7,5,0,2,18,8,15.0000,19.6606,7.7785,132,89,14.3213,10,11.8821,2.1429,4,VDVVD,16.1747,-1.1747,1220500000.0000,20,20
sevilla,2026-27,7,4,1,2,10,9,13.0000,7.4050,10.5060,77,79,11.3018,1,-3.1011,1.8571,5,DEVVD,7.9233,5.0767,157800000.0000,24,20
alaves,2026-27,7,3,2,2,11,6,11.0000,10.6511,7.6062,87,85,11.9163,5,3.0449,1.5714,6,VVDDE,9.3967,1.6033,53000000.0000,21,16
deportivo,2026-27,7,2,4,1,10,8,10.0000,8.3953,10.4530,71,90,14.2096,2,-2.0577,1.4286,7,VVEDE,8.5578,1.4422,33450000.0000,23,8
sociedad,2026-27,7,3,1,3,9,13,10.0000,9.3579,12.7963,94,111,13.3147,-4,-3.4384,1.4286,8,VEVDV,9.1858,0.8142,269600000.0000,24,23
villarreal,2026-27,7,2,2,3,13,12,8.0000,19.6101,11.4384,112,90,9.0719,1,8.1717,1.1429,9,DDDVV,11.7431,-3.7431,316500000.0000,22,22
athletic,2026-27,6,2,2,2,7,6,8.0000,11.2840,7.6985,94,57,14.4502,1,3.5855,1.3333,10,DVVEE,9.0914,-1.0914,178950000.0000,22,19
getafe,2026-27,7,2,2,3,4,7,8.0000,6.3009,10.7945,82,93,12.3578,-3,-4.4935,1.1429,11,DEEDV,9.2867,-1.2867,72500000.0000,23,22
rayo vallecano,2026-27,7,2,2,3,11,16,8.0000,9.1162,13.0349,94,116,9.0765,-5,-3.9187,1.1429,12,DVDVE,7.6040,0.3960,80900000.0000,24,22
osasuna,2026-27,7,2,2,3,6,13,8.0000,8.8861,11.9780,66,90,12.0783,-7,-3.0919,1.1429,13,VDDDE,9.1901,-1.1901,70900000.0000,23,21
celta,2026-27,7,1,4,2,8,6,7.0000,7.6100,9.1969,72,87,14.2842,2,-1.5869,1.0000,14,DEEEV,10.3212,-3.3212,148700000.0000,25,22
espanyol,2026-27,7,2,1,4,10,10,7.0000,9.4206,10.2342,95,84,11.7592,0,-0.8136,1.0000,15,DEVDD,8.9028,-1.9028,117100000.0000,22,17
racing,2026-27,7,2,1,4,11,21,7.0000,9.8156,15.9928,72,117,12.3029,-10,-6.1772,1.0000,16,VDVDD,7.6402,-0.6402,126350000.0000,26,18
levante,2026-27,6,1,2,3,8,12,5.0000,9.3121,13.3062,64,91,15.2653,-4,-3.9941,0.8333,17,EVEDD,5.3926,-0.3926,82300000.0000,23,19
elche,2026-27,7,1,2,4,11,17,5.0000,9.8288,15.6992,79,107,14.9619,-6,-5.8704,0.7143,18,DDEDV,5.8658,-0.8658,77400000.0000,25,19
valencia,2026-27,7,1,1,5,4,13,4.0000,5.6930,12.6772,74,107,15.2622,-9,-6.9843,0.5714,19,DDDVD,7.6973,-3.6973,128500000.0000,24,21
malaga,2026-27,7,0,3,4,3,12,3.0000,5.6428,13.9900,70,104,14.4350,-9,-8.3472,0.4286,20,DEEDD,6.4991,-3.4991,15000000.0000,22,5
